Kata,Frekquensi
lecturer,11619
salary,9884
not,3639
institution,2604
status,1577
education,1334
million,1252
welfare,1110
government,890
degree,868
work,840
no,809
research,781
indonesia,757
budget,742
increase,715
need,685
student,674
basic,658
already,649
use,646
teach,603
time,592
money,590
minimum,558
month,534
rp,533
country,530
worker,468
indeed,462
fund,459
job,452
system,438
come,429
give,428
public,414
doctoral,412
ask,395
child,393
study,393
receive,392
oh,385
ministry,378
expert,356
high,346
law,342
low,339
program,337
master,333
live,329
mean,325
higher,317
become,317
private,314
actually,309
graduate,303
problem,303
quality,302
official,301
rule,300
include,299
number,292
improve,286
minister,284
without,280
position,280
year,279
see,275
issue,275
yet,273
consider,269
try,266
let,265
look,262
tax,261
employee,259
non,254
enough,252
decent,252
contract,252
class,251
indonesian,250
especially,249
start,247
continue,246
raise,246
service,245
cost,243
accord,242
finance,241
national,239
thousand,238
around,232
etc,231
long,231
support,230
new,229
apply,227
day,223
read,221
staff,219
policy,218
base,216
admin,215
health,214
assistant,213
data,213
tuition,211
every,210
scholarship,209
performance,208
check,206
cannot,205
demand,205
thing,205
meet,202
ukt,201
project,201
better,201
find,200
friend,199
president,199
trillion,198
certification,198
take,197
journal,196
regulation,195
social,195
side,194
whose,192
provide,191
wait,190
okay,190
often,189
result,189
make,188
free,187
home,187
yesterday,187
always,186
whether,185
since,182
big,181
far,181
get,180
sri,180
nation,179
open,179
important,177
feel,177
instead,177
understand,176
example,176
family,173
semester,173
letter,171
member,171
regard,171
test,170
least,170
assignment,170
bachelor,169
later,169
different,169
build,168
life,168
end,168
care,167
professional,167
company,167
think,166
umr,166
idr,166
tell,165
condition,164
full,164
want,164
reach,163
focus,163
wow,163
call,162
earn,162
never,160
fee,159
please,159
mr,159
back,158
world,158
next,158
profession,158
standard,158
house,157
compare,157
struggle,156
turn,155
career,155
part,155
talk,153
cut,153
burden,153
thank,153
experience,152
case,152
facility,150
name,149
difficult,149
level,149
prabowo,148
learn,147
rupiah,147
average,147
able,147
credit,147
grant,146
head,145
mulyani,145
technology,143
regional,142
doctor,142
fact,142
course,142
seem,142
additional,141
interest,141
expensive,140
change,140
alone,139
value,139
usually,139
statement,139
buy,138
leave,138
paper,138
maybe,137
point,137
lot,136
educational,136
human,136
go,134
community,134
cpns,134
constitutional,134
young,133
field,133
benefit,131
requirement,131
jakarta,131
help,129
main,129
development,129
permanent,128
sad,127
question,127
area,127
immediately,127
u,126
reality,126
amount,126
keep,124
force,124
pas,123
discus,123
mother,122
rector,122
fight,121
outside,121
business,121
several,121
legal,121
parent,120
lower,120
science,120
abroad,120
mention,120
cover,120
party,119
healthcare,119
duty,118
educate,118
economic,118
ugm,118
total,117
accept,117
require,115
form,115
true,114
police,114
culture,114
matter,113
carry,113
know,113
review,112
generation,112
opinion,111
resource,111
future,111
serve,110
place,110
another,110
show,110
hard,109
write,109
news,109
sector,108
workload,108
functional,108
everything,107
impact,107
researcher,107
term,107
enter,107
remain,107
office,106
article,106
god,106
concern,105
choose,105
smart,105
hear,105
judge,105
relate,105
court,105
hold,105
right,104
task,103
political,103
follow,103
general,103
international,103
information,102
spend,102
guarantee,102
medium,102
labor,102
power,102
exist,102
group,101
sell,101
poor,100
ptn,100
price,100
begin,99
past,99
hopefully,99
financial,99
senior,99
food,98
knowledge,98
happen,98
manage,98
protest,97
may,97
hour,97
various,97
someone,97
large,96
personal,96
department,96
longer,95
debt,95
priority,94
little,94
stop,94
expect,94
bad,94
father,94
person,94
real,94
hope,93
equivalent,93
say,93
publish,93
create,93
complete,92
rank,92
hand,91
run,91
order,91
sometimes,91
fix,91
less,90
local,90
agree,90
efficiency,90
administrative,90
story,89
last,89
top,89
add,89
imagine,88
submit,88
process,87
monthly,87
quite,87
truly,87
publication,86
claim,86
possible,86
hundred,86
eat,85
bank,85
prosperous,85
city,85
union,85
promise,85
today,84
uu,84
presidential,84
certain,84
corruption,83
reason,83
wrong,83
ri,83
complain,83
limit,83
almost,83
malaysia,83
lpdp,82
reduce,82
allow,82
clear,81
clearly,81
solution,81
directly,80
figure,80
skilled,80
management,80
apbn,80
account,80
online,80
currently,80
component,80
competition,80
definitely,79
era,79
realize,79
foundation,79
state,79
market,78
hello,78
military,78
one,77
kompas,77
lecture,76
bring,76
incentive,76
great,76
source,76
affect,76
attention,75
rather,75
lose,75
reveal,75
thesis,75
plan,74
commission,74
infrastructure,74
offer,74
everyone,74
meal,74
finally,74
besides,73
remember,73
region,73
access,73
schedule,73
others,73
ensure,73
unair,73
lack,72
difference,72
report,72
agency,72
week,72
crazy,71
handle,71
answer,71
appreciate,70
behind,70
stay,70
might,70
material,70
responsibility,70
yeah,70
move,69
special,69
expense,69
do,69
set,68
discussion,68
register,68
driver,68
society,68
economy,67
loan,67
together,67
rise,67
middle,67
three,67
pt,66
kind,66
late,66
brother,66
grade,66
session,66
capital,66
emphasize,66
proposal,66
target,66
strengthen,65
among,65
opportunity,65
investment,65
return,65
lawsuit,65
cause,65
bandung,65
speak,64
believe,64
plus,64
post,64
ten,64
representative,64
join,64
car,63
sure,63
age,63
sorry,63
train,63
produce,63
best,63
addition,63
share,63
due,63
calculate,62
meanwhile,62
book,62
depend,62
situation,62
request,62
sense,61
will,61
strong,61
itb,61
borrow,61
wonder,61
damn,61
daily,61
nothing,61
diploma,61
progress,61
challenge,61
k,60
fate,60
fair,60
effort,60
industry,60
pursue,60
allocate,59
m,59
center,59
old,59
close,59
ui,59
send,59
explain,59
appoint,58
anyway,58
allocation,58
face,58
defend,58
risk,58
convey,58
curriculum,58
payment,58
tni,58
involve,58
deputy,58
wife,58
team,57
rest,57
sign,57
ma,57
fill,57
list,57
survive,57
foreign,57
easy,57
billion,57
mom,56
stick,56
husband,56
watch,56
improvement,56
highlight,56
determine,56
alhamdulillah,56
step,56
analyst,56
apc,55
proof,55
save,55
surprise,55
highest,55
current,55
attend,55
candidate,55
toefl,54
energy,54
skill,54
voice,54
action,54
prioritize,54
period,53
lol,53
stupid,53
major,53
protection,53
serdos,53
participate,53
hah,53
video,53
organization,53
range,53
develop,53
congratulation,53
prepare,53
resign,53
participation,53
cheap,52
corrupt,52
guy,52
finish,52
administration,52
afford,52
affair,52
security,52
six,52
guidance,52
golden,52
properly,51
advance,51
practice,51
present,51
happy,51
forget,51
sppg,51
decision,51
survey,51
civil,51
assistance,51
file,51
reject,51
vacancy,51
correct,51
busy,50
own,50
second,50
healthy,50
apparatus,50
structural,50
ago,50
activity,50
citizen,50
speech,50
word,49
leader,49
encourage,49
minimal,49
record,49
motorcycle,49
angry,49
surabaya,49
bro,49
religious,49
ready,49
digit,48
achieve,48
applicant,48
role,48
engineer,48
subsidy,48
narrative,47
felt,47
independent,47
d,47
politics,47
slip,47
obligation,47
justice,47
regime,47
link,47
central,47
phd,47
early,47
suddenly,47
huh,47
kip,47
doang,46
strange,46
remove,46
content,46
exam,46
mind,46
demonstration,46
java,46
quickly,46
bill,45
superior,45
room,45
mine,45
officer,45
registration,45
bigger,45
colleague,45
compete,45
seek,45
spk,45
lunch,45
haha,45
dea,45
cenuk,45
front,44
x,44
distribute,44
nutritious,44
towards,44
contact,44
regular,44
lead,44
muhammadiyah,44
act,43
waste,43
honestly,43
kipk,43
former,43
detail,43
grateful,43
bear,43
criticize,43
simple,43
increasingly,43
environment,43
neighbor,43
ability,43
note,43
however,43
moment,43
bos,42
proper,42
certificate,42
path,42
monday,42
whereas,42
confuse,42
obtain,42
tpa,42
fully,42
count,42
seriously,42
transfer,42
manager,42
republic,42
defense,42
along,42
lowest,41
reform,41
commissioner,41
supervisor,41
communication,41
away,41
comment,41
asset,41
trial,41
distribution,41
structure,41
final,41
love,40
chairman,40
nadiem,40
bite,40
equal,40
rely,40
direct,40
initial,40
variable,40
rice,40
bi,40
completely,40
admit,40
parliament,40
therefore,40
elite,40
author,40
treat,40
disburse,39
monitor,39
authority,39
protect,39
potential,39
marry,39
unit,39
criticism,39
lie,39
idea,39
road,38
complicate,38
association,38
history,38
graduation,38
reflect,38
self,38
beginner,38
night,38
announcement,38
replace,38
growth,38
blu,38
reagent,38
institute,38
funny,38
throughout,38
remind,38
previous,38
across,38
friday,38
damage,37
enjoy,37
remote,37
factory,37
ai,37
fail,37
heavy,37
principle,37
regulate,37
testimony,37
operational,37
reasonable,37
global,37
fall,37
difficulty,37
break,37
fulfil,37
space,37
inadequate,37
view,37
serious,36
animal,36
respect,36
certainly,36
morning,36
third,36
puu,36
type,36
control,36
provision,36
accordance,36
active,36
context,36
village,36
cooperative,36
medical,36
single,36
individual,36
common,36
retire,36
employment,36
suppose,35
blind,35
brain,35
cry,35
land,35
rate,35
listen,35
deserve,35
tire,35
selection,35
victim,35
subject,35
maintain,35
chemical,35
lector,35
professionally,35
bpi,35
easily,35
automatically,35
promotion,35
innovation,35
majority,35
water,35
line,35
election,35
fine,35
conduct,35
dare,34
nutrition,34
five,34
goal,34
half,34
chat,34
fellow,34
cancel,34
junior,34
namely,34
maximum,34
pressure,34
four,34
normal,34
pocket,34
hospital,34
adequate,34
double,34
neglect,34
woman,34
ordinary,34
easier,34
revision,34
resolve,34
supervise,34
prove,33
vice,33
else,33
silent,33
title,33
scheme,33
sake,33
play,33
evidence,33
whatever,33
effect,33
comparison,33
necessarily,33
basically,33
worth,33
mandate,33
personnel,33
response,33
buzzer,33
strategic,33
miss,33
younger,33
thursday,33
paragraph,33
sibling,33
fiscal,33
enterprise,33
clean,32
anyone,32
good,32
decile,32
either,32
decade,32
digital,32
concept,32
decrease,32
mass,32
draft,32
v,32
professionalism,32
equipment,32
safe,32
latest,32
propose,32
importance,32
poverty,32
adadikompas,32
unclear,31
guard,31
certainty,31
certify,31
lala,31
collect,31
achievement,31
similar,31
spirit,31
cc,31
assess,31
intention,31
laborer,31
witness,31
taxi,31
worry,31
bh,31
annual,31
lab,31
sue,31
farmer,31
cook,31
worse,31
appear,31
west,31
hop,31
percent,31
event,31
contribute,31
root,31
respond,31
measure,31
cooperation,31
invite,31
madam,31
key,31
q,30
feasible,30
china,30
wealth,30
commit,30
soon,30
touch,30
council,30
cool,30
exactly,30
document,30
eh,30
timor,30
constitution,30
direction,30
iii,30
crisis,30
approach,30
relation,30
arise,30
gap,30
mostly,30
hahaha,30
establish,30
extra,30
jokowi,30
subianto,30
ppg,30
hamid,30
airlangga,30
kitchen,29
saw,29
pay,29
petition,29
son,29
choice,29
postpone,29
jt,29
eye,29
revenue,29
street,29
bps,29
noble,29
recruitment,29
intend,29
agreement,29
reimbursement,29
impossible,29
theory,29
update,29
grow,29
tomorrow,29
stella,29
relevant,29
conflict,29
tri,29
shock,29
associate,29
function,29
tv,29
qualification,29
percentage,29
dream,28
livestock,28
profit,28
construction,28
thread,28
deduct,28
sktm,28
chase,28
tweet,28
model,28
fire,28
august,28
beyond,28
tool,28
oil,28
interview,28
visit,28
bpjs,28
merely,28
advisor,28
promote,28
consult,28
solve,27
electricity,27
owner,27
body,27
via,27
fundamental,27
surely,27
logic,27
scientific,27
put,27
deduction,27
shop,27
talent,27
heart,27
prospective,27
sufficient,27
win,27
t,27
director,27
leadership,27
rarely,27
mouse,27
domestic,27
repair,27
mandatory,27
lazy,27
competence,27
disaster,27
factor,27
whole,27
sacrifice,27
bureaucracy,27
mistake,27
implementation,27
extraordinary,27
apologize,27
p,27
gas,27
red,27
ah,26
transportation,26
catch,26
appreciation,26
australia,26
nice,26
bond,26
language,26
board,26
sisdiknas,26
implement,26
governance,26
mut,26
ignore,26
critical,26
patient,26
population,26
previously,26
channel,26
phenomenon,26
building,26
suffer,26
partner,26
release,26
disappear,26
conclusion,26
match,26
evaluate,26
holiday,26
suspect,25
consultant,25
recommendation,25
refuse,25
allah,25
complaint,25
argument,25
technical,25
contribution,25
extend,25
afraid,25
travel,25
attach,25
secretary,25
like,25
pharmacy,25
independently,25
appropriate,25
disparity,25
ever,25
stress,25
behavior,25
youtube,25
sit,25
underpay,25
dharma,25
prefer,25
judicial,25
within,25
sincere,24
mend,24
minute,24
unless,24
man,24
net,24
advice,24
extension,24
production,24
mulyono,24
divide,24
january,24
expenditure,24
explanation,24
original,24
amp,24
madrasah,24
independence,24
complex,24
netizens,24
eliminate,24
al,24
stand,24
address,24
tuesday,24
basis,24
ecosystem,24
gain,24
campaign,24
tend,24
auditor,24
drop,24
useless,24
rich,24
alumnus,24
strict,24
adjust,24
payroll,24
decide,24
july,24
journalism,24
drive,24
vulnerable,24
alright,24
district,23
successful,23
operation,23
pattern,23
forum,23
october,23
calculation,23
garuda,23
deliberately,23
stomach,23
assessment,23
honest,23
nder,23
ridiculous,23
huge,23
tpf,23
earlier,23
negative,23
stmkg,23
greater,22
ptnbh,22
eventually,22
aspiration,22
procurement,22
available,22
relationship,22
fresh,22
represent,22
vision,22
east,22
occur,22
precisely,22
urge,22
quota,22
ii,22
singapore,22
violate,22
usd,22
resident,22
rent,22
purchase,22
necessary,22
topic,22
capacity,22
threaten,22
natural,22
blame,22
input,22
spread,22
archivist,22
dear,22
december,22
leste,22
perhaps,22
kemdiktisaintek,22
cake,22
fit,21
unemployed,21
design,21
pks,21
cave,21
size,21
ali,21
afternoon,21
assign,21
e,21
delay,21
aa,21
recruit,21
ahead,21
recognize,21
viral,21
balance,21
track,21
method,21
competitive,21
zero,21
internship,21
sanction,21
japan,21
attendance,21
push,21
background,20
aid,20
saving,20
integrity,20
agricultural,20
kopdes,20
stage,20
multiple,20
nurse,20
pk,20
installment,20
die,20
pro,20
corporate,20
stream,20
estimate,20
officially,20
xxiii,20
smaller,20
overtime,20
dignity,20
fulfill,20
meeting,20
reimburse,20
floor,20
competency,20
criminal,20
supervision,20
seminar,20
moral,20
dark,20
desire,20
accreditation,20
anymore,20
formal,20
bitter,20
punishment,20
cash,20
clothe,20
adaksi,20
transparency,20
convention,20
testify,20
guide,19
photo,19
ikn,19
brian,19
environmental,19
wkwk,19
sentence,19
trade,19
shift,19
asia,19
hehe,19
collaboration,19
mkri,19
praise,19
purpose,19
flow,19
june,19
stability,19
cross,19
character,19
reference,19
incompetent,19
mix,19
poison,19
specialist,19
rm,19
equitable,19
simply,19
hurt,19
agenda,19
english,19
deceive,19
continuously,19
older,19
short,19
initially,19
recommend,19
aspect,19
capable,19
principal,19
hide,19
uin,19
thp,19
zionist,19
fan,19
chance,19
portion,19
ease,19
trust,19
polri,19
recently,19
award,19
regency,19
democratic,19
perpres,19
indrawati,19
kid,19
ut,18
dollar,18
guess,18
upgrade,18
cruel,18
tridharma,18
agriculture,18
pity,18
commitment,18
permission,18
aware,18
dikbud,18
drain,18
tip,18
mindset,18
creative,18
fuel,18
classroom,18
trigger,18
deliver,18
deficit,18
intellectual,18
mpr,18
block,18
inequality,18
useful,18
table,18
iiib,18
twice,18
problematic,18
hustle,18
package,18
print,18
entrepreneur,18
advancement,18
responsible,18
dog,18
score,18
loss,18
freedom,18
express,18
moreover,18
bureaucratic,18
vote,18
february,18
introduction,18
imam,18
fyi,18
dedication,18
actual,18
significant,18
largest,18
upper,18
fault,18
intelligent,18
penalty,18
strike,18
brin,18
redirect,18
miserable,18
taxpayer,18
insufficient,18
divert,17
scale,17
category,17
chicken,17
arrogant,17
pray,17
fun,17
info,17
favor,17
subsidize,17
reply,17
scientist,17
default,17
card,17
cenblue,17
southeast,17
demo,17
quote,17
asean,17
designer,17
fear,17
perspective,17
charge,17
skd,17
feed,17
opening,17
hang,17
laugh,17
unpaid,17
date,17
death,17
kemendiktisaintek,17
urgent,17
collapse,17
violence,17
fast,17
probably,17
solidarity,17
sky,17
wish,17
mental,17
pesantren,17
regret,17
kalimantan,17
exhaust,17
integrate,17
option,17
truth,17
exploit,17
dozen,17
significantly,17
amid,17
revise,17
pg,17
retirement,17
seizure,17
temporary,17
participant,17
park,17
faction,17
vocational,17
oppress,17
gpa,17
decently,17
firefighter,17
laboratory,16
spill,16
placement,16
product,16
sick,16
kpk,16
doctorate,16
sdm,16
fintech,16
sale,16
stagnant,16
gasoline,16
hotel,16
xxiv,16
ironically,16
hit,16
network,16
justify,16
provincial,16
curious,16
governor,16
strategy,16
financially,16
transcript,16
expire,16
qualify,16
laptop,16
volume,16
fish,16
machine,16
import,16
computer,16
committee,16
sea,16
separate,16
irony,16
sound,16
accompany,16
annoy,16
concrete,16
refer,16
disciplinary,16
discipline,16
islamic,16
movement,16
trap,16
despite,16
exclude,16
permit,16
analysis,16
multiply,16
success,16
observer,16
informal,16
consequence,16
evaluation,16
succeed,16
prestigious,16
elsevier,16
gold,16
politician,16
somewhat,16
format,16
excuse,16
nowadays,16
threat,16
eradicate,16
editor,15
library,15
coffee,15
arrest,15
plant,15
throw,15
november,15
religion,15
limitation,15
press,15
conference,15
ojol,15
vehicle,15
item,15
weaken,15
hire,15
except,15
amen,15
freelance,15
image,15
male,15
safety,15
america,15
influence,15
march,15
satker,15
jabfung,15
promoter,15
tasya,15
vegetable,15
chaotic,15
valid,15
urgency,15
joke,15
switch,15
none,15
personally,15
attack,15
embarrass,15
circle,15
intelligence,15
household,15
entry,15
crucial,15
jogja,15
id,15
instrument,15
insult,15
output,15
pure,15
regardless,15
deny,15
assessor,15
wear,15
famous,15
unemployment,15
pillar,15
deadline,15
equate,15
cabinet,15
faster,15
mindos,15
reviewer,15
foolish,15
tiny,15
assume,15
presentation,15
heaven,15
tight,15
otherwise,15
flag,15
oligarchy,15
passport,15
slightly,15
approve,15
conclude,15
wealthy,15
uncle,15
meager,15
sacrificial,15
dad,15
sayekti,15
dinda,15
xxvi,15
perform,14
unfortunately,14
exchange,14
harvard,14
invest,14
dtsen,14
c,14
stable,14
lesson,14
activist,14
medicine,14
revoke,14
map,14
chief,14
war,14
code,14
calm,14
consecutive,14
twenty,14
artist,14
umk,14
uncertain,14
store,14
collector,14
tpg,14
shout,14
pa,14
fantastic,14
tear,14
wide,14
ideally,14
guest,14
comfortable,14
facilitate,14
equally,14
optimal,14
disturb,14
vat,14
deal,14
injustice,14
forth,14
exceed,14
exploitation,14
fry,14
smoothly,14
empathy,14
bargain,14
privilege,14
aim,14
reflection,14
korea,14
inflation,14
equalize,14
practitioner,14
girl,14
cv,14
snack,14
fulfillment,14
internal,14
psychological,14
normalize,14
absorb,14
reduction,14
thus,14
south,14
arrange,14
apparently,14
slow,14
literature,14
census,14
aside,14
although,14
vendor,14
payslip,14
suggest,14
earnings,14
vary,14
midterm,14
pn,14
shandy,14
humanity,13
economics,13
constantly,13
illegal,13
forest,13
audience,13
entitle,13
ministerial,13
debi,13
instruction,13
fairly,13
sincerely,13
thr,13
cheaper,13
message,13
organize,13
art,13
yogyakarta,13
sexual,13
legislative,13
wib,13
decree,13
index,13
entirely,13
covid,13
combine,13
skb,13
intact,13
alternative,13
distinguish,13
transition,13
competent,13
effective,13
suitable,13
formation,13
stem,13
entity,13
ruler,13
quiet,13
realistic,13
oppose,13
worship,13
arbitrarily,13
chair,13
hinder,13
simplify,13
meritocracy,13
generalize,13
entire,13
mechanism,13
luxury,13
impression,13
unfair,13
confirm,13
bridge,13
lady,13
mentor,13
conversation,13
positive,13
proud,13
unreasonable,13
suggestion,13
consumption,13
terrible,13
baby,13
prevent,13
emergency,13
memo,13
strive,13
successfully,13
way,13
habit,13
apbd,13
label,13
kak,13
connection,13
discourse,13
decline,13
hobby,13
grind,13
recipient,13
renovate,13
school,13
emerge,13
necessity,13
unlike,13
alliance,13
everywhere,13
tough,13
widiyastrisna,13
directorate,13
heartbreaking,13
proportional,12
whenever,12
parliamentary,12
th,12
developer,12
survival,12
sumatra,12
pretend,12
peace,12
light,12
restaurant,12
administrator,12
collaborate,12
mah,12
super,12
hell,12
modest,12
massive,12
prosper,12
upn,12
slide,12
wednesday,12
recognition,12
consist,12
b,12
respective,12
mada,12
journey,12
executive,12
rat,12
thailand,12
transformation,12
controversy,12
dikti,12
smooth,12
expand,12
devotion,12
existence,12
repeat,12
taiwan,12
layer,12
earth,12
translate,12
debate,12
intern,12
soldier,12
leak,12
btw,12
definition,12
stingy,12
worthy,12
stock,12
comparable,12
marriage,12
presence,12
empty,12
scopus,12
length,12
disappoint,12
dismiss,12
align,12
gdp,12
luxurious,12
amaze,12
motivate,12
elect,12
luck,12
solihin,12
procedure,12
hrd,12
vietnam,12
collective,12
japanese,12
warn,12
productive,12
unable,12
cow,12
seller,12
hoax,12
rapbn,12
april,12
tejo,12
embezzle,12
treatment,12
men,12
ahy,12
queue,12
germany,12
surpass,12
abolish,12
ahmad,12
demonstrate,12
coordinate,12
transaction,12
uri,12
layoff,12
hr,12
extort,12
ikal,12
neighborhood,12
sesko,12
dependent,11
scholar,11
steal,11
corruptors,11
uncertainty,11
pack,11
blacklist,11
ratio,11
ta,11
argue,11
internet,11
uh,11
gajidosen,11
forward,11
clarify,11
excite,11
iq,11
island,11
border,11
consideration,11
withhold,11
perry,11
gadjah,11
unite,11
style,11
ceiling,11
fisherman,11
ruu,11
pile,11
dish,11
organizer,11
secondary,11
mafia,11
amidst,11
hot,11
weak,11
youth,11
bgn,11
tubel,11
silence,11
ln,11
passion,11
sleep,11
analyze,11
ideal,11
humane,11
evenly,11
element,11
legislation,11
king,11
malang,11
milk,11
zone,11
statistic,11
star,11
tie,11
inside,11
fake,11
examine,11
female,11
kemenkeu,11
cod,11
routine,11
konoha,11
relatively,11
observe,11
mid,11
ashamed,11
lampung,11
compulsory,11
supply,11
polytechnic,11
solely,11
smi,11
dewi,11
rush,11
toward,11
ruin,11
prosecutor,11
hey,11
celebrity,11
democrat,11
wkwkwk,10
salim,10
ethic,10
wander,10
bastard,10
picture,10
accelerate,10
arrive,10
piece,10
omon,10
cooperate,10
fool,10
batch,10
execution,10
prayer,10
swear,10
beg,10
influencers,10
application,10
lag,10
courtizen,10
midst,10
larger,10
coordinator,10
traffic,10
secure,10
actively,10
pekerti,10
transport,10
advocate,10
beat,10
hero,10
slowly,10
uniform,10
reluctant,10
idiot,10
verdict,10
narrow,10
stupidity,10
emotional,10
favorite,10
institutional,10
intimidate,10
employer,10
mode,10
expertise,10
efficient,10
launch,10
volunteer,10
mouth,10
nature,10
saturday,10
depok,10
ya,10
biggest,10
white,10
wasteful,10
timeline,10
rini,10
accuse,10
roughly,10
tone,10
equality,10
overall,10
enthusiastic,10
tutor,10
game,10
simultaneously,10
specifically,10
climate,10
academia,10
chaos,10
feasibility,10
audit,10
planner,10
collection,10
hate,10
disgust,10
origin,10
affordable,10
underprivileged,10
gentleman,10
twitter,10
clarity,10
club,10
phone,10
insist,10
popular,10
distance,10
physical,10
holder,10
psychology,10
freely,10
stronger,10
mutual,10
practical,10
pregnant,10
external,10
erode,10
sister,10
unfortunate,10
consistently,10
elsewhere,10
ratify,10
phase,10
enlighten,10
commute,10
systematic,10
brave,10
weird,10
utilize,10
commotion,10
childhood,10
headline,10
legally,10
capitalist,10
upon,10
impressive,10
air,10
spark,10
standardize,10
sort,10
supposedly,10
petitioner,10
logically,10
clarification,10
honorarium,10
pitiful,10
differentiate,10
elective,10
ksti,10
investigation,10
wet,9
underestimate,9
ride,9
cultural,9
counsel,9
provider,9
bind,9
ultimately,9
delete,9
incapacity,9
repay,9
incident,9
openly,9
creator,9
oblige,9
kdmp,9
gift,9
display,9
maker,9
cafe,9
portfolio,9
allege,9
papua,9
substance,9
page,9
severe,9
senayan,9
location,9
reputable,9
tpp,9
pp,9
iv,9
kg,9
connect,9
sustainable,9
briefly,9
reputation,9
gojek,9
owe,9
stall,9
skip,9
enforcement,9
prophet,9
prerequisite,9
sincerity,9
monkey,9
binus,9
trick,9
failure,9
crime,9
podcast,9
dedicate,9
shame,9
nationalism,9
ansor,9
reprimand,9
spotlight,9
interpret,9
sandwich,9
assumption,9
framework,9
dance,9
absence,9
discrimination,9
transparent,9
anger,9
likely,9
select,9
mission,9
liquid,9
inheritance,9
civilization,9
wkwkwkwk,9
indicator,9
widely,9
obstacle,9
assist,9
outstanding,9
manipulation,9
greedy,9
attitude,9
dwi,9
approximately,9
productivity,9
speaker,9
whatsapp,9
examiner,9
arranger,9
abuse,9
essence,9
mislead,9
firm,9
unsoed,9
indicate,9
commander,9
wash,9
happiness,9
north,9
loophole,9
beneficial,9
spg,9
recent,9
gamble,9
mess,9
jr,9
lawyer,9
rental,9
ptns,9
wise,9
lucky,9
pre,9
porridge,9
web,9
fk,9
affirm,9
circulate,9
reza,9
brand,9
accountability,9
somehow,9
smarter,9
perfect,9
firmly,9
adjustment,9
aceh,9
clause,9
ump,9
curse,9
coordination,9
lay,9
ongoing,9
anti,9
portrait,9
blt,9
forbid,9
clinic,9
rkp,9
bla,9
acknowledge,9
shape,9
donation,9
protester,9
fisip,9
anggun,9
ironic,9
dishearten,9
vent,9
ntt,9
capability,9
inform,9
disbursement,9
awesome,9
gamal,9
satryo,9
umt,9
stagnate,8
property,8
dilapidate,8
pathetic,8
dospem,8
fence,8
trouble,8
gapok,8
rob,8
yuliarto,8
army,8
socio,8
agribusiness,8
disease,8
seed,8
aka,8
garbage,8
quick,8
indak,8
orphan,8
makassar,8
dtks,8
routinely,8
flexible,8
systemic,8
oath,8
tech,8
awareness,8
bem,8
compass,8
fraud,8
taxable,8
concert,8
pph,8
industrial,8
messy,8
contrary,8
salamkonstitution,8
email,8
harassment,8
crowd,8
dissolve,8
province,8
stipulate,8
gol,8
strongly,8
moratorium,8
escape,8
consultation,8
grocery,8
shoe,8
makarim,8
jealous,8
fat,8
evil,8
shake,8
kkn,8
mature,8
reminder,8
trend,8
absolute,8
appropriately,8
door,8
feeling,8
forever,8
instagram,8
scandal,8
classic,8
cold,8
deeper,8
excel,8
object,8
painful,8
nusantara,8
heavily,8
panel,8
honesty,8
route,8
loyal,8
wahuh,8
screenshot,8
theme,8
naive,8
lock,8
et,8
europe,8
kemendikti,8
frame,8
comfortably,8
apple,8
jump,8
strength,8
delicious,8
unequal,8
excessive,8
load,8
destroy,8
nonsense,8
contain,8
scratch,8
bmkg,8
investigator,8
pancasila,8
librarian,8
dick,8
optimization,8
bless,8
undergo,8
reliable,8
dprd,8
fragile,8
grandfather,8
coach,8
satisfy,8
lifetime,8
relax,8
ipk,8
rotten,8
sample,8
acceptance,8
illusion,8
versus,8
dangerous,8
locate,8
partly,8
fighter,8
insurance,8
abundant,8
ethical,8
postdoc,8
phrase,8
wake,8
website,8
pdi,8
bare,8
toddler,8
exception,8
lifestyle,8
eid,8
tukinforall,8
caput,8
trader,8
mama,8
hardship,8
generally,8
crypto,8
unwilling,8
fin,8
prohibit,8
merit,8
bribe,8
adequately,8
primary,8
initiative,8
nana,8
erna,8
vulnerability,8
literally,8
weight,8
ceremony,8
interpretation,8
hetifah,8
absolutely,8
padang,8
treasury,8
pop,8
zakat,8
beritasatu,8
notification,8
anxious,8
extremely,8
pertamina,8
september,8
gross,8
worsen,8
patriot,8
acceleration,8
greatly,8
luckily,8
gather,8
amnesty,8
cluster,8
jinni,8
excellent,8
mock,8
budi,8
wisdom,8
understandable,8
compromise,8
palace,8
median,8
voter,8
advantage,8
internationally,8
tangerang,8
impoverish,8
pwb,8
fuck,7
wni,7
cute,7
sin,7
soar,7
anjir,7
melbourne,7
manner,7
custom,7
attractive,7
sadly,7
dictatorship,7
goodness,7
ompreng,7
near,7
uneven,7
investigate,7
courage,7
amran,7
donate,7
bentar,7
walk,7
green,7
player,7
ticket,7
profile,7
introduce,7
motor,7
subscription,7
music,7
anywhere,7
courtroom,7
unique,7
idealistic,7
inauguration,7
workshop,7
purely,7
click,7
amendment,7
peaceful,7
hazard,7
a,7
warjiyo,7
birth,7
organizational,7
menpan,7
mantab,7
loudly,7
fruit,7
harvest,7
heavier,7
motorbike,7
chromebook,7
solid,7
mathematics,7
chinese,7
eligible,7
confidence,7
nakes,7
wall,7
glorify,7
wallet,7
translator,7
series,7
upload,7
universal,7
digitalization,7
powerful,7
literacy,7
boost,7
stakeholder,7
dry,7
motivation,7
execute,7
frequently,7
beautiful,7
archipelago,7
western,7
dsn,7
contractor,7
trivial,7
actor,7
multi,7
strangle,7
agus,7
smile,7
shut,7
twist,7
deploy,7
box,7
dividend,7
commodity,7
ill,7
operator,7
gossip,7
corner,7
smoke,7
section,7
announce,7
hungry,7
prestige,7
cals,7
finding,7
formula,7
statistical,7
perpetrator,7
prison,7
rega,7
modern,7
friendly,7
belong,7
blood,7
muhammad,7
ghost,7
fortune,7
user,7
diligent,7
bumn,7
sane,7
charity,7
relative,7
carpet,7
advise,7
seat,7
fh,7
heresy,7
flat,7
opposition,7
ferry,7
attorney,7
bias,7
appointment,7
sweet,7
sender,7
nominal,7
smell,7
disrupt,7
consistent,7
micro,7
commensurate,7
establishment,7
renovation,7
harm,7
pathway,7
notice,7
boom,7
unconstitutional,7
impose,7
uphold,7
resilience,7
wok,7
ex,7
beloved,7
uk,7
collectively,7
feudal,7
hmm,7
ramadan,7
syllabus,7
correspond,7
regularly,7
expat,7
tiktok,7
fufufafa,7
ite,7
mobility,7
wholeheartedly,7
appeal,7
expectation,7
usual,7
version,7
bother,7
inaugurate,7
dpd,7
division,7
dude,7
drink,7
empowerment,7
msmes,7
enact,7
punish,7
adjunct,7
mandiri,7
insane,7
honor,7
demonstrator,7
black,7
sharp,7
unhas,7
careful,7
harder,7
overwhelm,7
democracy,7
semarang,7
crony,7
moonlight,7
ovum,7
nominate,7
orient,7
column,7
coincidentally,7
unionize,7
squeeze,7
sks,7
mentality,7
suffocate,7
hashtag,7
trip,7
panic,7
lemhannas,7
ucup,7
rectorate,7
slaughter,7
fairmont,7
yudhoyono,7
himpaudi,7
saintek,7
septia,7
mahfudz,7
initiate,6
hajj,6
preparation,6
recruiter,6
ipi,6
embege,6
veterinary,6
terminate,6
possess,6
penny,6
resolution,6
asns,6
split,6
shit,6
iiia,6
ok,6
elderly,6
nik,6
lurah,6
rb,6
bomb,6
inherit,6
town,6
ing,6
boycott,6
google,6
supermarket,6
thai,6
adi,6
entrust,6
berawi,6
jobdesk,6
tourist,6
eight,6
veteran,6
menu,6
shadow,6
corporation,6
objective,6
intervention,6
liquidity,6
imf,6
seinget,6
maudy,6
economist,6
edition,6
electronic,6
ship,6
drastically,6
drug,6
confide,6
tendency,6
afterlife,6
pharmacist,6
sadness,6
ad,6
correction,6
absent,6
electric,6
physic,6
dimension,6
correctly,6
noodle,6
obvious,6
barely,6
dynamic,6
legitimate,6
continuation,6
delivery,6
philosophy,6
kill,6
specific,6
suck,6
importantly,6
identity,6
dutch,6
fkdsi,6
daughter,6
download,6
scan,6
civilian,6
reverse,6
kartini,6
gratitude,6
nod,6
endure,6
quantity,6
housewife,6
ban,6
originally,6
termination,6
mentally,6
workplace,6
contest,6
empirical,6
extent,6
exit,6
slogan,6
visa,6
summary,6
kayak,6
ob,6
nepotism,6
tower,6
plenary,6
assert,6
halal,6
counselor,6
dentist,6
apart,6
enforce,6
secret,6
felix,6
sufficiency,6
threshold,6
manpower,6
dependence,6
rl,6
rare,6
greet,6
regulatory,6
banyumas,6
cmiiw,6
finalize,6
consumer,6
collusion,6
massively,6
oversee,6
mark,6
farm,6
historical,6
legitimacy,6
doubt,6
iran,6
up,6
riski,6
boomer,6
palm,6
cheapest,6
emeritus,6
fkip,6
horizontal,6
lure,6
arm,6
serdik,6
workforce,6
coverage,6
locker,6
populist,6
random,6
supporter,6
england,6
multinational,6
emotion,6
rocky,6
greeting,6
describe,6
recover,6
lately,6
prosecute,6
constructive,6
tendik,6
advocacy,6
visible,6
so,6
sovereign,6
breakthrough,6
absurd,6
examination,6
accredit,6
nor,6
crispy,6
fani,6
cashier,6
consolidate,6
kpi,6
submission,6
quit,6
rational,6
arrears,6
squander,6
cheat,6
clearer,6
rujak,6
acquaintance,6
anies,6
purbaya,6
srimulyani,6
unand,6
ambition,6
gibran,6
surgery,6
kemenag,6
harsh,6
stimulate,6
deepfake,6
innovative,6
andantara,6
invitation,6
comply,6
highly,6
blessing,6
suyatna,6
numerous,6
flaw,6
violation,6
djp,6
deaf,6
convert,6
shortcut,6
gray,6
welcome,6
universitas,6
odd,6
piano,6
station,6
extreme,6
maximize,6
draw,6
jam,6
stag,6
freeze,6
implication,6
blah,6
closer,6
excellency,6
grave,6
spouse,6
iiid,6
fatal,6
lpg,6
peak,6
sulawesi,6
enemy,6
elshinta,6
zoom,6
humaniora,6
courier,6
seskoad,6
counterfeit,6
samsek,5
thin,5
un,5
arbitrary,5
polite,5
frustrate,5
boro,5
refute,5
misery,5
plantation,5
noh,5
lo,5
loh,5
mit,5
andi,5
dadan,5
joint,5
abandon,5
euy,5
reportedly,5
tempo,5
enthusiasm,5
freelancer,5
taxation,5
film,5
plane,5
asian,5
uugurudandosen,5
sustenance,5
grab,5
gede,5
sponsor,5
flex,5
unstable,5
journalist,5
progressive,5
closely,5
endless,5
widen,5
baleg,5
domain,5
legality,5
mobilize,5
gradually,5
r,5
archive,5
radiation,5
pair,5
applicable,5
undergraduate,5
monetary,5
joko,5
widodo,5
pandemic,5
recovery,5
controversial,5
banker,5
settlement,5
conglomerate,5
administratively,5
server,5
bloat,5
burn,5
marine,5
fertilizer,5
shortage,5
inclusion,5
criminalization,5
destructive,5
sensitive,5
entar,5
selective,5
nutritional,5
involvement,5
ground,5
classmate,5
meat,5
ignorant,5
caste,5
elementary,5
yap,5
reckless,5
influencer,5
obey,5
soft,5
wamendikti,5
giant,5
memorize,5
formulate,5
downstreaming,5
colonizer,5
legacy,5
caregiver,5
gu,5
gradual,5
abdurrahman,5
autonomy,5
anxiety,5
awardee,5
tan,5
wive,5
trisno,5
roof,5
bitterly,5
conscience,5
outsider,5
fuss,5
yield,5
dhia,5
uyun,5
brilliant,5
compensate,5
unilaterally,5
severance,5
stressful,5
deh,5
blio,5
umbrella,5
echo,5
wamen,5
toilet,5
min,5
s,5
exorbitant,5
hahahaha,5
competitiveness,5
startup,5
spec,5
malay,5
marginalize,5
standardization,5
hunger,5
bokap,5
goblok,5
broad,5
paradox,5
arena,5
overload,5
experiment,5
nur,5
comprehensively,5
ph,5
tighten,5
conversion,5
wkwkw,5
statistician,5
widyaiswara,5
statutory,5
reserve,5
exhibition,5
enjoyment,5
sandal,5
grub,5
plaintiff,5
disadvantage,5
wtf,5
bright,5
copy,5
hesitate,5
insight,5
nyokap,5
window,5
sweat,5
legislator,5
possibility,5
affiliate,5
co,5
elon,5
plagiarism,5
unusual,5
fairness,5
realization,5
colonel,5
mar,5
unhan,5
loyalty,5
accumulate,5
paperwork,5
iphone,5
cadre,5
bambang,5
couple,5
oxford,5
explode,5
memory,5
license,5
discriminate,5
faridah,5
revolution,5
economically,5
accusation,5
insignificant,5
cynical,5
rismon,5
flood,5
finland,5
fell,5
muslim,5
reader,5
writer,5
gen,5
device,5
familiar,5
obviously,5
client,5
hehehe,5
bore,5
sultan,5
classification,5
inpassing,5
glance,5
profitable,5
arab,5
tender,5
noisy,5
unram,5
malaysian,5
attract,5
awkward,5
chapter,5
gerung,5
enhancement,5
confident,5
comprehensive,5
mamah,5
verify,5
surplus,5
lord,5
donor,5
auspex,5
outline,5
sovereignty,5
description,5
hair,5
bankrupt,5
optimally,5
maintenance,5
umm,5
satisfaction,5
tunkin,5
fortunately,5
illustration,5
sanitary,5
customer,5
kum,5
consultancy,5
puput,5
justification,5
issuance,5
apartment,5
opposite,5
devote,5
indomaret,5
celios,5
ego,5
randomly,5
wider,5
sight,5
pai,5
tolerate,5
scold,5
overhaul,5
technological,5
ipb,5
weekly,5
sigh,5
sideline,5
bully,5
ranking,5
maid,5
guilty,5
convince,5
logical,5
goat,5
outcome,5
pamper,5
sal,5
withdraw,5
smartboard,5
search,5
hi,5
patronage,5
backbone,5
founder,5
inclusive,5
categorize,5
honorable,5
quarter,5
inews,5
contrast,5
parasite,5
ratna,5
pontianak,5
ratification,5
stubborn,5
stuff,5
clever,5
clip,5
deteriorate,5
adult,5
disappointment,5
bleak,5
fiction,5
depiction,5
badly,5
handful,5
recklessly,5
await,5
essentially,5
bottom,5
explore,5
denny,5
obstruct,5
avoid,5
willingness,5
rampant,5
streamline,5
leftover,5
totally,5
electoral,5
false,5
optimize,5
umar,5
endorse,5
plot,5
fluctuate,5
combination,5
fttm,5
valuable,5
likewise,5
oppression,5
dtt,5
bappenas,5
mka,5
widiayastrisna,5
dinanti,5
macquarie,5
qatar,5
qar,5
darkness,5
discourage,5
gallon,5
hole,5
manufacture,5
investor,5
msme,5
hatta,5
radio,5
haryo,5
hempri,5
nearly,5
tsamara,5
overqualified,5
guideline,5
yonif,5
rd,5
harian,5
edhie,5
baskoro,5
kaburajadulu,5
dwikorita,5
fangirling,5
demean,4
proportion,4
toll,4
vibe,4
selfish,4
accessible,4
duh,4
respectful,4
solo,4
salute,4
jir,4
husbandry,4
cultivation,4
devil,4
gua,4
replacement,4
banana,4
pretentious,4
brush,4
meaningful,4
dominate,4
pretext,4
lb,4
breakfast,4
salt,4
occupy,4
outdated,4
hat,4
asdos,4
papa,4
ppn,4
entertainment,4
deposit,4
umkm,4
unexpected,4
correlate,4
confession,4
mohammed,4
relief,4
ppt,4
deviate,4
glamorous,4
reporter,4
ngo,4
tour,4
season,4
negotiate,4
complexity,4
accommodate,4
colonize,4
distort,4
lift,4
akbar,4
dki,4
echelon,4
basarnas,4
outermost,4
approval,4
integration,4
technocratic,4
chromebooks,4
mutation,4
rame,4
ayunda,4
hack,4
equity,4
techbro,4
terrace,4
canteen,4
solar,4
crop,4
erase,4
spice,4
printer,4
incline,4
tom,4
lembong,4
nih,4
rejection,4
negligence,4
nobel,4
improper,4
guardian,4
writing,4
aunt,4
con,4
dilemma,4
precise,4
even,4
hut,4
deficiency,4
buffalo,4
ineffective,4
command,4
inability,4
psn,4
flexibility,4
irrigation,4
validation,4
christie,4
theoretical,4
laziness,4
misunderstand,4
bagus,4
fluid,4
marker,4
seven,4
adopt,4
netherlands,4
bogor,4
critically,4
gp,4
santri,4
dock,4
furthermore,4
adek,4
sc,4
caucus,4
blora,4
replay,4
ielts,4
collar,4
tumben,4
casually,4
choke,4
silently,4
normally,4
bmri,4
sheet,4
template,4
broker,4
hardiknas,4
encouragement,4
celebration,4
accountant,4
outsource,4
prolong,4
inappropriate,4
eradication,4
gender,4
infographic,4
unpad,4
accurate,4
cuss,4
gedean,4
undervalue,4
pr,4
insistent,4
everyday,4
amit,4
behave,4
st,4
lighter,4
obscure,4
disproportionate,4
hypothesis,4
endowment,4
wanendikti,4
nurul,4
idealism,4
ivory,4
ambiguous,4
host,4
vagueness,4
inspector,4
partially,4
royalty,4
bureaucrat,4
hereafter,4
seuprit,4
mandarin,4
measurable,4
diverse,4
ideology,4
foster,4
compiler,4
recorder,4
pride,4
thieve,4
grandchild,4
hectare,4
momentum,4
toy,4
tag,4
script,4
pant,4
facebook,4
comedy,4
mitigation,4
lean,4
gene,4
grandparent,4
om,4
egg,4
minus,4
orba,4
kemendikbudristek,4
soedirman,4
aji,4
indirectly,4
admiral,4
pinjol,4
grabcar,4
extraordinarily,4
n,4
permendikbud,4
testimonial,4
da,4
polish,4
abdul,4
miri,4
birthday,4
scope,4
achmad,4
bye,4
stunt,4
lover,4
ayatullah,4
jealousy,4
politically,4
socially,4
logistics,4
dictate,4
credible,4
peer,4
wild,4
ignorance,4
wildly,4
inhumane,4
intimidation,4
systematically,4
h,4
alias,4
prajab,4
dissatisfy,4
weapon,4
nuptk,4
mountain,4
atmosphere,4
satyamevajayate,4
patience,4
statistically,4
unfit,4
domestically,4
awardees,4
taste,4
practicum,4
reward,4
hariqo,4
nomenclature,4
expression,4
beneficiary,4
gb,4
ptkin,4
pious,4
retreat,4
soup,4
potentially,4
togar,4
consume,4
sharia,4
risky,4
slander,4
sociology,4
voluntary,4
davos,4
partnership,4
greed,4
envy,4
destruction,4
football,4
shelter,4
synergy,4
isman,4
rahmani,4
yusron,4
alita,4
istikamah,4
mainly,4
rps,4
grassroots,4
humanely,4
nationally,4
pioneer,4
ambitious,4
uneducated,4
pov,4
secretariat,4
pkm,4
desk,4
madura,4
enthusiast,4
typical,4
cigarette,4
diaspora,4
disperse,4
parameter,4
berita,4
dispute,4
indication,4
declare,4
fg,4
characteristic,4
mulyadi,4
effectiveness,4
unity,4
hensa,4
tanah,4
ip,4
surround,4
supportive,4
excise,4
sympathy,4
arrangement,4
midwife,4
dirty,4
homeland,4
remun,4
someday,4
dawn,4
cycle,4
hadrian,4
irfani,4
nadim,4
kumparan,4
hesitation,4
businessman,4
reckon,4
underdevelop,4
operate,4
thick,4
imbalance,4
enhance,4
teh,4
leonardo,4
nobility,4
indifferent,4
accordingly,4
ceo,4
boy,4
deep,4
mi,4
obedience,4
temporarily,4
md,4
differently,4
specify,4
repressive,4
removal,4
ring,4
sharply,4
carelessly,4
nasir,4
lawmaker,4
janitor,4
incomplete,4
splurge,4
hadith,4
authentic,4
downplay,4
forefront,4
gunawan,4
ani,4
band,4
dead,4
bidikmisi,4
pip,4
nurture,4
signal,4
accountable,4
unitary,4
trash,4
wowo,4
regent,4
seize,4
mortgage,4
thought,4
foreigner,4
admission,4
oneself,4
chain,4
ugh,4
shahmi,4
instance,4
enroll,4
substantial,4
sufficiently,4
slash,4
manipulate,4
fallacy,4
victory,4
sentiment,4
handout,4
repeatedly,4
prasetyo,4
proceed,4
usu,4
spot,4
busk,4
russel,4
emilia,4
composition,4
consolidation,4
insider,4
precedent,4
huhu,4
pc,4
busier,4
moderator,4
cent,4
mbgbiangkehancuranri,4
crush,4
margin,4
ungrateful,4
bureau,4
agung,4
neatly,4
cup,4
dismissal,4
roytifamenangpraperadilan,4
pointless,4
suspicion,4
lecturersalary,4
lecturerwelfare,4
sum,4
provoke,4
construct,4
jungle,4
resignation,4
sob,4
cousin,4
cambodia,4
philippine,4
communicate,4
jokingly,4
riset,4
solidly,4
burdensome,4
unfairly,4
pkh,4
palembang,4
revival,4
expansion,4
resist,4
fifth,4
accommodation,4
petronas,4
benchmark,4
boba,4
nevertheless,4
ac,4
nirvana,4
xx,4
humanitarian,4
stamp,4
selectively,4
michael,4
lemhanas,4
kemenpppa,4
prompt,4
socialism,4
thrifting,4
scarce,4
reconsider,4
round,4
formality,4
ds,4
kasmudjo,4
attendant,4
mendiktisaintek,4
entangle,4
prank,4
ibas,4
bayartukindosenkemdiktisaintek,4
kemdikti,4
nordic,4
hahahahahaha,4
eng,4
soulmate,4
sok,3
eligibility,3
engagement,3
kyai,3
cleric,3
kudu,3
boncos,3
sycophant,3
silfester,3
seedling,3
pest,3
eddy,3
fraction,3
fpks,3
geez,3
hunt,3
sulaiman,3
automatic,3
parental,3
mungiel,3
nim,3
essential,3
france,3
twit,3
musola,3
exact,3
confusion,3
verification,3
fictitious,3
saldi,3
isra,3
globally,3
john,3
pick,3
chairperson,3
alive,3
baristas,3
musician,3
illustrator,3
architect,3
bali,3
destination,3
feriyansyah,3
broadcast,3
maple,3
affirmation,3
chill,3
warm,3
disable,3
harmonization,3
abdullah,3
bio,3
kilometer,3
internally,3
nuclear,3
mkg,3
periodic,3
alimony,3
determination,3
affordability,3
follower,3
tryout,3
biography,3
islam,3
qris,3
lhkpn,3
tutorial,3
discount,3
tempeh,3
textbook,3
cellphone,3
boat,3
ice,3
buyer,3
engine,3
coastal,3
bag,3
skyrocket,3
plow,3
truck,3
shrink,3
wire,3
inconsequential,3
database,3
skew,3
buzzerrp,3
enrich,3
criminalize,3
subordinate,3
hmmm,3
german,3
paud,3
tougher,3
ogah,3
wo,3
puskesmas,3
oral,3
sgd,3
mba,3
lest,3
atk,3
pulse,3
circulation,3
upset,3
token,3
frontliners,3
counterproductive,3
pkwt,3
pddikti,3
goddess,3
instant,3
peanut,3
payday,3
opponent,3
nutritionist,3
bros,3
techie,3
angle,3
rehabilitation,3
availability,3
creation,3
rebroadcast,3
core,3
relevance,3
cognitive,3
continuous,3
czech,3
ig,3
imperial,3
breakdown,3
inspire,3
semiconductor,3
blackboard,3
tradition,3
blindly,3
landslide,3
predict,3
twelve,3
rot,3
rigid,3
monopoly,3
feudalism,3
arrival,3
kiai,3
caretaker,3
kah,3
neck,3
kika,3
constitutionality,3
consciously,3
mutification,3
mengawalkonstitution,3
barrack,3
cadet,3
sjahrir,3
malaka,3
nationalist,3
colonial,3
kemendikdasmen,3
courtyard,3
mosque,3
tangle,3
breath,3
heat,3
sting,3
tile,3
mineral,3
safest,3
anonymous,3
nausea,3
thug,3
strangely,3
capitalism,3
jabodetabek,3
friendship,3
entertain,3
sing,3
ki,3
song,3
raw,3
detention,3
coil,3
desperate,3
milestone,3
perception,3
irrelevant,3
seriousness,3
hamper,3
bimbel,3
novice,3
shortcoming,3
samsung,3
tandem,3
wherever,3
acre,3
jumbo,3
bacot,3
commercial,3
rebel,3
remunerate,3
rogue,3
holistic,3
frankly,3
benchmarking,3
reinforce,3
autonomous,3
heroic,3
scream,3
susi,3
harijanti,3
ketut,3
astawa,3
karawang,3
sharifah,3
attractiveness,3
tea,3
curator,3
residential,3
youngest,3
prostitute,3
thief,3
dialogue,3
imagination,3
jail,3
agent,3
diplomatic,3
illustrate,3
belief,3
alignment,3
pontang,3
cenblu,3
preference,3
seaweed,3
movie,3
spearhead,3
bud,3
nugroho,3
chancellor,3
screen,3
frequent,3
ksal,3
brigjen,3
arief,3
pinjem,3
android,3
mediate,3
yunus,3
neutral,3
kadri,3
mataram,3
legalize,3
decentralization,3
mou,3
urban,3
diy,3
positively,3
yani,3
seblak,3
distortion,3
transform,3
sarcasm,3
alarm,3
deprivation,3
settle,3
drag,3
derivative,3
bego,3
iranian,3
mutahhari,3
indebted,3
lodge,3
injure,3
bone,3
tdm,3
minimalist,3
ideological,3
hoard,3
sack,3
california,3
plummet,3
deception,3
slot,3
penetrate,3
hijack,3
unrest,3
faith,3
pose,3
persistent,3
dosbing,3
depth,3
sustainability,3
oprec,3
cast,3
preteen,3
defeat,3
daljab,3
wave,3
honda,3
cfd,3
royal,3
software,3
swell,3
proyekan,3
bullish,3
passionate,3
bot,3
sudrajat,3
korean,3
furious,3
comparative,3
criminology,3
hater,3
worst,3
exemption,3
badmouth,3
unlimited,3
cleaner,3
rapid,3
browse,3
pw,3
matkul,3
unprofessional,3
uas,3
maghrib,3
wna,3
bop,3
interactive,3
gita,3
derogatory,3
structurally,3
tier,3
magnet,3
imitate,3
satria,3
ikip,3
undip,3
haram,3
uud,3
pkspembelarakyat,3
scar,3
ear,3
clickbait,3
dzolim,3
pretty,3
straight,3
poll,3
shopee,3
dynasty,3
dizzy,3
dim,3
resume,3
togetherness,3
doom,3
circular,3
metro,3
melon,3
unworthy,3
prabowonomics,3
syarif,3
hidayatullah,3
geopolitical,3
distinction,3
betty,3
dian,3
quietly,3
designate,3
artificial,3
negotiation,3
automation,3
expose,3
creativity,3
displace,3
bullshit,3
drama,3
preliminary,3
hardest,3
simanjuntak,3
tempt,3
scammer,3
napkin,3
altruism,3
trainer,3
pilgrimage,3
papah,3
asshole,3
catfish,3
convolute,3
oligarch,3
cambridge,3
respectable,3
gadapet,3
stone,3
naturalization,3
quran,3
restore,3
sjaifudian,3
coalition,3
depress,3
ha,3
distant,3
clinical,3
medan,3
veterinarian,3
reciprocal,3
fancy,3
fad,3
misinformation,3
stake,3
confiscation,3
intensive,3
paramadina,3
exemplify,3
airdrop,3
faucet,3
roast,3
sabam,3
sinaga,3
occasion,3
statue,3
psychologist,3
respondent,3
spp,3
downgrade,3
elder,3
speed,3
managerial,3
moon,3
economical,3
mediocre,3
drill,3
mayor,3
inevitably,3
alma,3
mater,3
babysitter,3
pln,3
straightforward,3
nonsensical,3
prone,3
analogy,3
spoil,3
scary,3
frugal,3
cite,3
annex,3
jaya,3
tegalurung,3
sunday,3
particularly,3
tb,3
roadside,3
ustadh,3
prohibition,3
subdistrict,3
sanitation,3
evict,3
anticipate,3
par,3
himbara,3
kmk,3
assure,3
hail,3
largely,3
century,3
mul,3
patron,3
currency,3
upcoming,3
renewable,3
tycoon,3
coercion,3
commonly,3
pacific,3
deed,3
india,3
retake,3
smes,3
upi,3
blunder,3
reshuffle,3
tbh,3
resurface,3
relieve,3
revocation,3
tension,3
disturbance,3
ritual,3
ch,3
srimul,3
sabotage,3
pool,3
lofty,3
timer,3
indra,3
castrate,3
implicitly,3
liar,3
insanely,3
greatest,3
perk,3
whisper,3
jerome,3
polin,3
overprice,3
consciousness,3
parallel,3
continuity,3
conversely,3
dissertation,3
nkri,3
generous,3
pardon,3
hasto,3
bikin,3
terang,3
gig,3
harsher,3
undermine,3
eager,3
distract,3
negligent,3
marginal,3
summon,3
russian,3
pain,3
wisely,3
mintif,3
repress,3
subarsono,3
scenario,3
validity,3
restriction,3
symbol,3
promptly,3
honoraries,3
brief,3
substantive,3
onion,3
overseas,3
dashboard,3
complication,3
morality,3
percentile,3
fortunate,3
kuliah,3
rahadian,3
endanger,3
dig,3
sneak,3
webinars,3
arif,3
foreman,3
allergic,3
migrate,3
poorer,3
nidn,3
ldii,3
equip,3
instill,3
weekend,3
generate,3
specialize,3
kpis,3
stranger,3
quarrel,3
suppress,3
misdirect,3
elaborate,3
contradict,3
hadi,3
suharto,3
electability,3
fundamentally,3
mprop,3
lex,3
unilateral,3
disclose,3
normalization,3
mwa,3
pratikno,3
jkw,3
defender,3
marshal,3
apparent,3
rk,3
depict,3
nabiyla,3
lively,3
chest,3
upward,3
inferior,3
taboo,3
normative,3
dpk,3
teenager,3
foot,3
lemon,3
stance,3
incapable,3
suit,3
mext,3
ojek,3
ssu,3
lust,3
anomaly,3
ptma,3
suicide,3
tragic,3
minimize,3
extortion,3
oversight,3
expel,3
utopian,3
oppressive,3
surge,3
sip,3
cahyono,3
tall,3
siphon,3
adaski,3
stkindo,3
yusuf,3
demographic,3
acknowledgment,3
allegation,3
prevail,3
unaair,3
physically,3
alcohol,3
excellence,3
recount,3
lawful,3
offline,3
rid,3
shower,3
pipe,3
policymakers,3
curry,3
optional,3
overly,3
annually,3
crab,3
whoever,3
surface,3
monument,3
tsunami,3
differ,3
australian,3
attachment,3
taher,3
radian,3
inconsistent,3
hence,3
wrap,3
fashion,3
reluctance,3
hike,3
toxic,3
anytime,3
rightful,3
encounter,3
secretly,3
latif,3
genuinely,3
lp,3
ps,3
reconstruction,3
evi,3
puspitawati,3
jacket,3
pump,3
socialization,3
feedback,3
gravity,3
kindergarten,3
snippet,3
sonny,3
mall,3
fraksipksdprri,3
tenant,3
ingredient,3
ordeal,3
optimism,3
theater,3
blue,3
bojan,3
funhouse,3
geffen,3
cat,3
grok,3
strait,3
trump,3
palestinian,3
vnd,3
classify,3
nre,3
rdp,3
architecture,3
poltekesos,3
nahar,3
unlikely,3
kesra,3
sand,3
careless,3
bustle,3
oligarchic,3
frustration,3
sadden,3
detikfinance,3
gimin,3
interject,3
bamboo,3
hashtags,3
puppet,3
invoice,3
lololol,3
rojali,3
rohana,3
fisipol,3
fatimah,3
soak,3
halo,3
hunter,3
lc,3
pig,3
unnecessary,3
inspection,3
helper,3
vital,3
unnoticed,3
reciprocity,3
kasmujo,3
bribery,3
soccer,3
adha,3
cattle,3
hallucinate,3
poorly,3
subscribe,3
qualitative,3
jurnalismedata,3
udayana,3
lk,3
nak,3
assistantship,3
hardnews,3
cariberitaditvone,3
laut,3
edy,3
fitria,3
pertiwi,3
xinyi,3
assembly,3
tourism,3
diaper,3
umj,3
nobody,3
indigenous,3
mendikdisaintek,3
dja,3
poem,3
clearance,3
javanese,3
chris,3
migrant,3
bramantyo,3
suwondo,3
infobmkg,3
heboh,3
simultaneous,3
adaxsi,3
cew,3
alauddin,3
bengkulu,3
geto,3
suguru,3
tvone,3
bus,3
proker,2
exponential,2
robbery,2
pour,2
sodara,2
dih,2
mhsiswa,2
byr,2
lament,2
punctuation,2
nombokin,2
quantum,2
kopertis,2
proudly,2
incest,2
jbtn,2
horticulture,2
agronomy,2
soil,2
breed,2
biotechnology,2
reproduction,2
technician,2
bbm,2
distop,2
dragon,2
relocate,2
essay,2
hiariej,2
eric,2
rap,2
an,2
handsome,2
nganggarin,2
elimination,2
bubble,2
ptt,2
dictatorial,2
mentan,2
ngojol,2
ijo,2
distend,2
angel,2
loud,2
nrimo,2
alleviate,2
offend,2
seal,2
levy,2
skck,2
henri,2
siagian,2
dosenindonesia,2
pendidikanindonesia,2
pendidikannasional,2
color,2
migration,2
planet,2
naturally,2
esteem,2
constrain,2
strand,2
washer,2
plongo,2
hp,2
aesthetic,2
exposure,2
proclamation,2
undo,2
universally,2
inactive,2
uad,2
orprof,2
codification,2
standby,2
jppi,2
ubaid,2
matraji,2
deviation,2
congestion,2
mei,2
guru,2
coincide,2
awaken,2
karno,2
gbk,2
orderly,2
intellectuality,2
privacy,2
rpmillion,2
static,2
honorific,2
soul,2
max,2
scarcity,2
f,2
g,2
batan,2
bssn,2
pmk,2
plt,2
influential,2
technocrat,2
turmoil,2
aggressively,2
apprenticeship,2
technically,2
organic,2
ordinance,2
jabfunya,2
orientation,2
bookstore,2
photocopy,2
retail,2
fare,2
projector,2
traditional,2
rejuvenation,2
ouch,2
deck,2
ojo,2
woi,2
polemic,2
tuh,2
ombudsman,2
procedural,2
upwards,2
hafidz,2
laureate,2
hilarious,2
soap,2
opera,2
aing,2
adaptation,2
tablet,2
forestry,2
edge,2
polhut,2
flop,2
heir,2
exaggerate,2
questionable,2
implementers,2
zonk,2
koas,2
photographer,2
concentrate,2
sophisticate,2
poop,2
smk,2
brackish,2
protein,2
spit,2
sosmed,2
nyamperin,2
salemba,2
nolak,2
dana,2
mint,2
exclusively,2
queen,2
aspire,2
pisa,2
confront,2
poke,2
nose,2
found,2
techbros,2
fullest,2
gtk,2
pal,2
connectivity,2
deem,2
courtizens,2
mismatch,2
accustom,2
london,2
incompetence,2
mathematical,2
downstream,2
smartboards,2
memorable,2
equation,2
alike,2
ancestor,2
mill,2
taiwanese,2
custodian,2
bugis,2
ancient,2
sundanese,2
richer,2
literary,2
hasanuddin,2
nickel,2
liberalism,2
curb,2
behalf,2
kopsantara,2
cirebon,2
nu,2
ppui,2
sixth,2
buset,2
helpin,2
krenova,2
ktp,2
nationality,2
prevalent,2
faithfully,2
row,2
latter,2
horrible,2
terrorize,2
wind,2
outskirt,2
wa,2
benerin,2
stuffy,2
float,2
virus,2
trace,2
lowly,2
pat,2
sun,2
terror,2
ownership,2
absenteeism,2
selebgram,2
militarism,2
agrarian,2
mayday,2
insert,2
humble,2
circumstance,2
cage,2
numb,2
hajar,2
dewantara,2
manual,2
programmer,2
bust,2
grief,2
commoner,2
monggo,2
erupt,2
kalopun,2
rhetorical,2
allotment,2
aussie,2
blasphemous,2
brown,2
dpet,2
mosok,2
academically,2
european,2
barista,2
mhs,2
ham,2
stack,2
dearly,2
explicitly,2
graph,2
engage,2
intellectually,2
thoroughly,2
negate,2
jokuwi,2
outlier,2
wishful,2
huawei,2
forgive,2
doi,2
yes,2
rough,2
closure,2
versa,2
commercialization,2
idih,2
comma,2
offside,2
blasphemy,2
fittest,2
spree,2
barrier,2
asbun,2
politicize,2
en,2
adequacy,2
imo,2
embrace,2
unjust,2
filter,2
glass,2
frill,2
gedek,2
bluntly,2
ina,2
inu,2
race,2
fastest,2
instinct,2
sharpen,2
bait,2
einstein,2
representation,2
louder,2
vocal,2
reytman,2
aruan,2
executor,2
similarity,2
dirjen,2
formulation,2
zinc,2
iso,2
obscurity,2
responsive,2
yute,2
waiver,2
television,2
sscasn,2
bpkp,2
meteorological,2
geophysical,2
narcotic,2
dental,2
therapist,2
conservator,2
pamong,2
protocrystallist,2
registrar,2
pupr,2
surveyo,2
eater,2
lick,2
iceberg,2
gang,2
flip,2
precision,2
export,2
algorithm,2
inspiration,2
monet,2
feature,2
flock,2
ball,2
blogger,2
ebook,2
miserably,2
betrayal,2
guruhonorer,2
kelar,2
peek,2
pilot,2
peel,2
competitor,2
ngais,2
acc,2
umpteenth,2
ragebait,2
verge,2
discriminatory,2
affiliation,2
anw,2
malnourish,2
savior,2
irt,2
tricky,2
palu,2
naval,2
laksma,2
rakhman,2
hendrata,2
anggorojati,2
corp,2
brigadier,2
cimahi,2
beritaterkini,2
sindonews,2
pik,2
magical,2
gocar,2
sim,2
admins,2
acceptable,2
dicbud,2
deactivate,2
yysan,2
hopeful,2
ridicule,2
imho,2
andrie,2
subjective,2
gerindra,2
sudibyo,2
ppdb,2
clash,2
realm,2
macro,2
arlan,2
siddha,2
paradigm,2
ethiopia,2
malnutrition,2
concentration,2
distrust,2
iku,2
bjir,2
disseminate,2
synchronize,2
larijani,2
muthahari,2
sofa,2
pull,2
furniture,2
martyr,2
forty,2
comfort,2
disqualify,2
lame,2
knock,2
liquidate,2
slam,2
sak,2
carcass,2
constitutionally,2
pedagogical,2
bogus,2
falsify,2
replication,2
unreliable,2
fraudulent,2
uproot,2
pedagogy,2
misguide,2
behavioral,2
deceitful,2
ariely,2
fransesca,2
gino,2
vocabulary,2
copas,2
spectacular,2
alzheimer,2
lesne,2
countless,2
uncover,2
senile,2
pedophile,2
mug,2
studio,2
cheaply,2
foul,2
maulana,2
muhamad,2
yearly,2
mood,2
assurance,2
refinement,2
serti,2
pengin,2
nag,2
prefect,2
bestie,2
gun,2
ultimate,2
journalismedata,2
finger,2
surveyor,2
mondok,2
yellow,2
arabic,2
jockey,2
apprentice,2
telkom,2
steady,2
inject,2
bonnie,2
triyana,2
pakde,2
mengawalkonstituting,2
prediction,2
exclusive,2
shy,2
monetization,2
objection,2
spa,2
sitter,2
applicator,2
diligently,2
ration,2
sdms,2
concurrently,2
gegara,2
sbm,2
mio,2
gov,2
rill,2
politeness,2
prime,2
bakom,2
slightest,2
budgetary,2
ifp,2
rakyat,2
codify,2
wirjawan,2
endgame,2
radical,2
critic,2
recalculate,2
fitr,2
pbi,2
nyambi,2
pan,2
cloth,2
regularize,2
pdb,2
prior,2
macroeconomic,2
descendant,2
menfess,2
kim,2
incumbent,2
gacoan,2
bernard,2
credibility,2
lastly,2
insha,2
metrotv,2
israel,2
broo,2
brunei,2
nooo,2
musi,2
rawas,2
diagram,2
karim,2
benzema,2
kick,2
league,2
unmarried,2
vomit,2
bread,2
amsiong,2
soften,2
disguise,2
rout,2
lspr,2
cater,2
rock,2
cell,2
tgr,2
fer,2
cafeteria,2
greedynomics,2
declaration,2
playbook,2
escort,2
lonely,2
disability,2
ptkp,2
immunity,2
pkb,2
shield,2
masdep,2
jen,2
sukur,2
fewer,2
resistant,2
adapt,2
signature,2
tvri,2
londo,2
leaky,2
nanny,2
hidayat,2
hamzah,2
variety,2
pervert,2
franchise,2
exodus,2
yb,2
halu,2
axiology,2
augustinus,2
petra,2
inner,2
rada,2
fly,2
biological,2
considerable,2
logistical,2
wlpn,2
jerk,2
rage,2
clueless,2
hima,2
disbelief,2
cum,2
minjem,2
wih,2
recap,2
weigh,2
instruct,2
pecel,2
magic,2
azhiim,2
amien,2
cikarang,2
bule,2
odong,2
premium,2
dignify,2
pangi,2
ndaklik,2
talented,2
assalamualaikum,2
blur,2
halim,2
sanusi,2
newsupdate,2
oneliner,2
pnglm,2
inhuman,2
liken,2
utilization,2
generational,2
intertwine,2
inadequately,2
polhuk,2
merdeka,2
egk,2
kating,2
golkarpedia,2
breadwinner,2
crack,2
voluminous,2
rationality,2
timles,2
kingdom,2
premise,2
timorese,2
unverified,2
plat,2
roll,2
ensnare,2
cassava,2
alakadar,2
attentive,2
maimoen,2
zubair,2
fairer,2
piracy,2
captcha,2
vacuum,2
combat,2
intersect,2
demokrat,2
afk,2
incur,2
bts,2
stigma,2
calculator,2
criterion,2
wi,2
buya,2
hamka,2
funniest,2
yuji,2
gundar,2
imprison,2
amsari,2
hihi,2
trustee,2
magnitude,2
invaluable,2
chef,2
quiz,2
thpnya,2
amputate,2
broaden,2
preschool,2
producer,2
hooray,2
troublesome,2
jayabaya,2
iman,2
nusa,2
tenggara,2
privately,2
ari,2
gimmick,2
balongan,2
pellet,2
ragem,2
breeder,2
browser,2
warung,2
prabowosubianto,2
ash,2
ustadhs,2
companion,2
amend,2
completion,2
barn,2
crap,2
sluggish,2
injection,2
healthier,2
romanticize,2
unimportant,2
negatively,2
destine,2
commentator,2
eastern,2
applause,2
spectator,2
fluently,2
descend,2
hesitant,2
patrol,2
mischievously,2
goodbye,2
broadly,2
vinci,2
renaissance,2
mingle,2
multidisciplinary,2
genius,2
postdoctoral,2
explicit,2
banner,2
patriotic,2
barito,2
pandu,2
adaro,2
obligatory,2
wijayanto,2
samirin,2
prospectus,2
hatee,2
cunning,2
doctrine,2
charitable,2
communist,2
tpda,2
reaction,2
screw,2
foolishness,2
attribute,2
coffin,2
rip,2
branch,2
affan,2
murder,2
anak,2
gih,2
employ,2
lifelong,2
mahfud,2
enrol,2
scapegoat,2
defensive,2
discredit,2
irresponsible,2
clerk,2
intentionally,2
bam,2
attain,2
pratama,2
bundaran,2
digulis,2
mighty,2
introductory,2
grumble,2
sole,2
mask,2
inseparable,2
react,2
indogs,2
bekasi,2
edit,2
anniversary,2
overthrow,2
djamil,2
regeneration,2
dirt,2
notion,2
ppatk,2
midnight,2
gayus,2
allegedly,2
mute,2
imply,2
seemingly,2
harshly,2
departmental,2
crazier,2
livable,2
impartiality,2
pierce,2
yuck,2
mashfufi,2
deadlock,2
nuonline,2
grandpa,2
negligible,2
accomplish,2
firstly,2
secondly,2
aand,2
invisible,2
hurriedly,2
being,2
methodological,2
bhmn,2
pintar,2
manifestation,2
complement,2
lightly,2
chronologically,2
hong,2
kong,2
pati,2
pdip,2
kristiyanto,2
jentera,2
bivitri,2
sigit,2
pseudo,2
handwritten,2
camaraderie,2
suspend,2
endi,2
strictly,2
materialize,2
easiest,2
corruptor,2
continually,2
intermediary,2
unila,2
laughable,2
salesman,2
ppds,2
overlap,2
ceremonial,2
fourth,2
sudden,2
op,2
dlb,2
nani,2
rude,2
ache,2
wood,2
modus,2
operandi,2
imprisonment,2
compliant,2
legitimately,2
occupant,2
wikimedia,2
abstract,2
kilogram,2
pmt,2
infographics,2
auditable,2
error,2
methodology,2
biss,2
dau,2
quirky,2
raid,2
worldly,2
regsosek,2
universitasrepublikindonesia,2
pertalite,2
categorization,2
incapability,2
wijaya,2
riza,2
pleasant,2
simulation,2
tinker,2
recur,2
winner,2
tactical,2
shamelessly,2
interact,2
escalator,2
diminish,2
bathroom,2
teddy,2
indrayana,2
venezuela,2
kindness,2
motif,2
sew,2
carefully,2
blablabla,2
turkmenistan,2
projection,2
dorm,2
heal,2
emulate,2
picky,2
mere,2
shoot,2
equinor,2
judgment,2
fgd,2
wed,2
shatter,2
unknown,2
arbitrariness,2
denial,2
rumor,2
inefficient,2
lm,2
gram,2
sooner,2
newspaper,2
decentralize,2
supplementary,2
diesel,2
inch,2
scbd,2
mt,2
bosda,2
interfere,2
tolerance,2
feast,2
annul,2
frontier,2
industrialization,2
retaliate,2
pharaoh,2
cungkring,2
whine,2
specie,2
openness,2
hangout,2
preferably,2
sglc,2
intense,2
grill,2
junta,2
tidy,2
highereducation,2
dang,2
supplemental,2
hijab,2
specialis,2
hearing,2
uris,2
extravagant,2
suspicious,2
contradictory,2
stroke,2
shortfall,2
objectively,2
bangladesh,2
pram,2
bitterness,2
documentary,2
karma,2
batavia,2
compel,2
amateur,2
amin,2
generalization,2
contradiction,2
andalas,2
patch,2
unbalance,2
suitably,2
allahu,2
historic,2
elevator,2
lobby,2
mon,2
killer,2
casual,2
peacefully,2
enrollment,2
hometown,2
ganesha,2
curiosity,2
tobacco,2
payout,2
vain,2
bukit,2
asam,2
antam,2
readiness,2
entrepreneurship,2
upfront,2
tribun,2
cemetery,2
unesa,2
unethical,2
aisyiyah,2
bismillah,2
originate,2
dual,2
minimarket,2
colon,2
revolve,2
brutal,2
sumedang,2
river,2
chili,2
brink,2
resistance,2
relay,2
crocodile,2
nineteenth,2
anesthesia,2
passive,2
obedient,2
enrichment,2
abnormal,2
outrageous,2
roytifapahlawanrakyat,2
grin,2
koptagul,2
professorship,2
hasan,2
scatter,2
nurma,2
righteous,2
spiritual,2
mona,2
gratuity,2
cramp,2
nauseous,2
doxxing,2
doxing,2
doxed,2
coal,2
tidore,2
dasco,2
feat,2
bury,2
slack,2
alongside,2
unisla,2
irregularity,2
permendikdisaintek,2
lkd,2
empathetic,2
cia,2
pertamax,2
sarcastic,2
stare,2
reasonably,2
constitutionalcourt,2
kompasbrief,2
dishonorably,2
discharge,2
sympathizer,2
accumulation,2
tentative,2
irfa,2
jointly,2
naughty,2
passively,2
healthily,2
yuyur,2
vacation,2
tridarma,2
dishwasher,2
capture,2
shuffle,2
chrome,2
o,2
vicious,2
aggressive,2
snowball,2
binary,2
dissatisfaction,2
romanticization,2
triple,2
senate,2
arrogantly,2
boast,2
salman,2
dontbecomealecturer,2
transum,2
supplement,2
inhumanly,2
unlucky,2
chronic,2
unhappy,2
dissect,2
american,2
overshadow,2
lolololol,2
modestly,2
craaaazy,2
bump,2
ambitiously,2
enlightenment,2
salesperson,2
postgraduate,2
jht,2
individually,2
euro,2
nearby,2
calmness,2
entitlement,2
hourly,2
swap,2
intensively,2
inherent,2
giveaway,2
freshgrade,2
ringgit,2
com,2
rocket,2
rhenald,2
betray,2
boptn,2
grand,2
nearest,2
additionally,2
worthless,2
abu,2
tertiary,2
homebase,2
ujikom,2
sub,2
bahlil,2
danantara,2
treasurer,2
sphere,2
friction,2
dismantle,2
kulon,2
progo,2
lptk,2
mb,2
yujiem,2
summarize,2
mic,2
periodically,2
academician,2
nationwide,2
kemendikbud,2
fikri,2
faqih,2
tegal,2
brebes,2
kemanggisan,2
aisyah,2
introspection,2
ron,2
reinvested,2
playground,2
maggot,2
idle,2
sock,2
nanik,2
unattractive,2
bold,2
underline,2
nisab,2
determinant,2
podium,2
immediate,2
unj,2
urgently,2
temptation,2
yudi,2
dtp,2
predatory,2
delusional,2
breastfeed,2
attraction,2
warning,2
album,2
standunder,2
grunge,2
specification,2
probability,2
pear,2
hormuz,2
reallocation,2
dahnil,2
balloon,2
alert,2
donald,2
palestine,2
dependency,2
bibit,2
optimistic,2
compound,2
centralize,2
organically,2
slmp,2
rolandi,2
cesnanta,2
brata,2
wardhani,2
ristamaji,2
siadiknas,2
edi,2
bob,2
storm,2
stun,2
nia,2
kbr,2
responsibly,2
dumbest,2
financeminister,2
psi,2
atomic,2
reallocate,2
concession,2
rome,2
empower,2
mirror,2
fm,2
kemenristekdikti,2
crappy,2
slavery,2
bunch,2
module,2
bim,2
wellbeing,2
mencerahkanlintasgenerasi,2
saddam,2
hu,2
lektor,2
ghostwrite,2
akb,2
territory,2
kesrawan,2
thirst,2
mortem,2
sheep,2
moron,2
almaz,2
critique,2
reschedule,2
gowa,2
bsh,2
chrmp,2
bangkit,2
han,2
inf,2
entourage,2
headquarter,2
motaain,2
materialistic,2
korpri,2
hardly,2
bootcamp,2
journalismdata,2
persist,2
notch,2
lateness,2
discretion,2
roadmap,2
mcu,2
buzz,2
prmn,2
latuconsina,2
insecure,2
repost,2
presumption,2
strip,2
politik,2
princess,2
enthusiastically,2
disagree,2
romance,2
merauke,2
enliven,2
slave,2
lldikti,2
underwear,2
meiyanto,2
newsone,2
abc,2
eviction,2
gaza,2
refugee,2
initiator,2
heru,2
susetyo,2
nuswanto,2
bilal,2
dewansyah,2
padjajaran,2
syauqi,2
hafiz,2
cowok,2
bd,2
simatupang,2
millionaire,2
airline,2
amplify,2
downsize,2
theo,2
qiyu,2
reluctantly,2
jatim,2
kitty,2
consultative,2
frugalliving,2
sofyan,2
voucher,2
albinsaid,2
betti,2
indonesiagelap,2
flashy,2
hoh,2
hatred,2
pnbp,2
uhamka,2
perjadin,2
acid,2
tuck,2
haechan,2
people,2
prosperously,2
barber,2
encompass,2
spare,2
flee,2
unappreciated,2
skp,2
neither,2
prize,2
reposting,2
merge,2
bayartukindosenasnkemdiktisaintek,2
ipusnas,2
overnight,2
horse,2
hearted,2
lecturersarenotcattle,2
fe,2
adviser,2
sow,2
seniority,2
jeez,2
primarily,2
jrp,2
abrasion,2
embankment,2
sunda,2
detiksore,2
detikcom,2
hore,2
asndemo,2
nyoman,2
parta,2
meteorology,2
climatology,2
geophysics,2
effectively,2
accurately,2
ruangpublikkbr,2
iss,2
hive,2
underappreciated,2
fishery,2
iiic,2
bruh,2
ub,2
videonews,2
wkwkwkwkwkwkwkwkwkwkwkw,2
hahah,2
glimmer,2
animation,2
elan,2
pgri,2
rohidin,2
mersyah,2
unreal,2
kemenristek,2
komisixdprri,2
somewhere,2
grit,2
carey,2
laundry,2
dosenpaylater,2
asp,2
sagil,2
rubicon,2
lpem,2
mega,2
dress,2
admire,1
disposal,1
ngamook,1
mengemurahin,1
uncivilized,1
seragentina,1
recite,1
salty,1
geprek,1
gamakin,1
mastery,1
yemen,1
nanaonan,1
siapee,1
acpadahal,1
trm,1
sssttt,1
esti,1
wijayati,1
yakan,1
adab,1
cheer,1
melt,1
robber,1
compute,1
prabocor,1
benerrr,1
papifot,1
payin,1
mimi,1
kalakin,1
jabar,1
durian,1
magnificence,1
ingfonya,1
diksh,1
agro,1
horticultural,1
agroecotechnology,1
agrotechnology,1
mechanization,1
dryland,1
visual,1
kinship,1
arereally,1
bsknya,1
gue,1
dibunbun,1
stabilize,1
dump,1
pres,1
smear,1
cayenne,1
pepper,1
gum,1
smt,1
mati,1
matian,1
ngasdos,1
lmyn,1
nov,1
tsk,1
tenan,1
cardboard,1
plume,1
swargi,1
daaaaaahhhh,1
okelah,1
anjaylah,1
linear,1
insectologists,1
spu,1
thinkin,1
mnter,1
mulu,1
sluice,1
pkpks,1
factional,1
pdprri,1
pakpelaryat,1
witch,1
steward,1
thn,1
clout,1
piye,1
pakpres,1
stanford,1
boeing,1
airbus,1
fincantieri,1
sirik,1
cranky,1
belagu,1
bgst,1
skinny,1
cokkkk,1
palakan,1
aokwowkowokw,1
ane,1
collateral,1
woah,1
wouh,1
nyabi,1
nethie,1
mas,1
sambel,1
squid,1
cuan,1
serie,1
ethiopian,1
mateng,1
supplier,1
psg,1
listener,1
zolimated,1
pandum,1
dualima,1
ddak,1
ulya,1
niami,1
jamson,1
villain,1
interviewee,1
speakup,1
patronize,1
internals,1
odam,1
wig,1
gitudeh,1
cinema,1
sbn,1
cholesterol,1
bengku,1
kodang,1
bpk,1
gusdur,1
mahkamahkonstit,1
kesjahteraanaandosen,1
lecturerhonorer,1
kampusindonesia,1
sidangmk,1
gurudandosen,1
duniakampus,1
perkinks,1
outpouring,1
simbok,1
unprofitable,1
ampho,1
simulate,1
ft,1
sadder,1
eo,1
umrah,1
stray,1
bruhhwtf,1
oon,1
ngpain,1
planga,1
mnjlaskn,1
trsbt,1
instagramable,1
latte,1
silver,1
performer,1
iconic,1
bylines,1
interior,1
grad,1
habib,1
abdillah,1
nurusman,1
jesslyn,1
giovanni,1
mulyanto,1
pseudonym,1
libra,1
checklist,1
spontaneously,1
vamos,1
activate,1
yay,1
nay,1
ponorogo,1
pushy,1
nambal,1
ntar,1
universitasahmaddahlan,1
uadunggul,1
weareuad,1
newsuad,1
nayiangalisaasi,1
mitigate,1
moec,1
rendidikan,1
harmonize,1
harkitnas,1
guinea,1
intrinsic,1
unusia,1
muhtar,1
siti,1
mardiah,1
sholihin,1
salam,1
uuapbn,1
gatot,1
subroto,1
slipi,1
density,1
snake,1
rally,1
siaga,1
kilamahmi,1
longmarch,1
gelora,1
nothingness,1
allergy,1
occupational,1
allude,1
encyclopedia,1
predetermine,1
spousal,1
clump,1
anri,1
bapeten,1
wang,1
makan,1
peroarang,1
tin,1
sukoharjo,1
februari,1
iowa,1
york,1
martowardojo,1
forex,1
digitize,1
cashless,1
estimation,1
dominant,1
busset,1
entabl,1
arghhhhhhhhhhhhhhhh,1
tpaid,1
nyek,1
embegeh,1
rprb,1
thrill,1
gerr,1
theirrespective,1
abowo,1
merchant,1
dominance,1
stationery,1
crawl,1
preserve,1
pier,1
desert,1
pesticide,1
tractor,1
plastic,1
mulch,1
aquaculture,1
tofu,1
prop,1
hull,1
rope,1
nail,1
vessel,1
mushroom,1
cashbon,1
deplete,1
factakartun,1
treak,1
antic,1
ngawurrr,1
digitalize,1
scrap,1
ambyar,1
bodo,1
torment,1
chrmbk,1
punkdumb,1
mentok,1
disclaimer,1
academy,1
ngedemo,1
tukins,1
cnnindonesia,1
mubarak,1
blunt,1
bandit,1
dzolimnya,1
indosiar,1
kelen,1
katadajjal,1
inmate,1
naikin,1
bulb,1
istighfar,1
hcps,1
waratsat,1
anbiya,1
unseen,1
artifact,1
supreme,1
kopma,1
typist,1
copywriter,1
videographer,1
visite,1
storytelling,1
overemphasize,1
ocean,1
diasesmen,1
processor,1
oceanography,1
grandmother,1
kobisa,1
shrs,1
pswat,1
whip,1
scroll,1
isa,1
pmwt,1
ngamuk,1
qimah,1
mashoook,1
categorically,1
superficial,1
subterfuge,1
surf,1
yard,1
budeg,1
numeracy,1
grib,1
ibam,1
jurist,1
janlup,1
tmpat,1
antechs,1
bukalapak,1
payer,1
mjb,1
mechanical,1
stm,1
fincanteri,1
ima,1
mayasari,1
globalization,1
kadirin,1
cikedung,1
lor,1
rantau,1
pasirangin,1
menjagakonstitusi,1
humblebrag,1
pizza,1
bartlomiej,1
nottingham,1
unselected,1
straightforwardly,1
revolutionize,1
navier,1
stoke,1
powerpoint,1
postcolonial,1
isaac,1
newton,1
stuart,1
adam,1
smith,1
sundae,1
jurisprudence,1
napoleon,1
manuscript,1
warugan,1
limestone,1
corridor,1
lagaligo,1
mahabharata,1
leiden,1
ancestral,1
reynolds,1
mechanic,1
collectivism,1
individualism,1
inertial,1
viscous,1
turbulent,1
cohesion,1
ciwa,1
amalinda,1
savirani,1
apprehensive,1
cottage,1
kiais,1
square,1
meter,1
unrealized,1
pollute,1
makai,1
irwansyah,1
danger,1
judol,1
guidebook,1
qr,1
scrubber,1
wc,1
klopun,1
galvanize,1
sukarno,1
muda,1
exile,1
visuals,1
talangin,1
babu,1
ngritics,1
ngeluhin,1
knight,1
cloudy,1
zuhur,1
congregation,1
ngemper,1
adem,1
ademan,1
idly,1
sluggishly,1
knee,1
hotter,1
semalem,1
prostration,1
realise,1
wooden,1
beam,1
porous,1
glassy,1
wry,1
brlakangan,1
headmaster,1
detain,1
reflexed,1
temple,1
defiance,1
slower,1
noon,1
anget,1
throat,1
coward,1
whistleblower,1
manggut,1
disgrace,1
remake,1
azan,1
asar,1
dust,1
ngabarin,1
whistle,1
blower,1
scorch,1
darkest,1
papaforplanet,1
inappropriately,1
ngandelin,1
screenshoted,1
magnifier,1
hmhmhmhmhm,1
gebrak,1
imperialism,1
bbc,1
suudzon,1
brag,1
indefinite,1
haphazardly,1
ngarsa,1
tulodo,1
madya,1
mangun,1
karso,1
tut,1
wuri,1
handayani,1
eternal,1
graveyard,1
internationale,1
kbbi,1
miner,1
port,1
brute,1
unspoken,1
fatigue,1
outdo,1
protective,1
apd,1
phk,1
lactation,1
maternity,1
restroom,1
chula,1
sbrnya,1
compressor,1
cuy,1
kemencake,1
dikasi,1
volcanic,1
earthquake,1
stopmbg,1
sara,1
poso,1
stereotype,1
cheeky,1
endow,1
prostrate,1
thanksgiving,1
ny,1
sekolahin,1
negotiable,1
threeofthem,1
renumeration,1
prbndingan,1
indianapolis,1
windfall,1
corpse,1
monitize,1
praxis,1
gongwuyuan,1
shiye,1
renyuan,1
policyholder,1
revolutionary,1
karuan,1
instigate,1
bench,1
balairung,1
magazine,1
fox,1
meritocratic,1
huaaaaa,1
hrg,1
ikan,1
sapu,1
infonya,1
mayo,1
kslhan,1
motivational,1
kls,1
bth,1
nemu,1
muter,1
endud,1
nutjobs,1
suharti,1
obliquely,1
literate,1
myfriends,1
yasalam,1
neoliberalism,1
managerialism,1
diagnosis,1
bloody,1
mutilate,1
nello,1
mindful,1
burnout,1
insetive,1
richness,1
pragib,1
abis,1
gala,1
nyoh,1
plausibility,1
hygiene,1
tok,1
coma,1
unqualified,1
papaya,1
ngedapetin,1
salak,1
erc,1
nsf,1
mallsemarang,1
dkv,1
kali,1
sel,1
cumlaude,1
amric,1
humiliate,1
reassess,1
efficiently,1
vanguard,1
cherish,1
thermosphere,1
methu,1
plonga,1
oi,1
borochildren,1
srkng,1
mengaco,1
ecosys,1
senator,1
congor,1
tsinghua,1
sekolah,1
hmc,1
mpd,1
ndakak,1
commoetition,1
wamendiktisaintek,1
lantern,1
impediment,1
incentivize,1
slope,1
slice,1
outpunya,1
ngmong,1
battle,1
royale,1
pubg,1
competitively,1
dramatic,1
primitive,1
gladiatorial,1
insensitive,1
aviation,1
referee,1
pantesan,1
stafsus,1
nozzle,1
negoro,1
innovator,1
deepen,1
unequaled,1
unchanging,1
untrimmed,1
grandiosely,1
sweetener,1
impress,1
harmony,1
ytta,1
vocalist,1
ayat,1
cube,1
singaperbangsa,1
cumulation,1
objectivity,1
exclusivity,1
febrio,1
kacaribu,1
sef,1
kansa,1
macrofiscal,1
stabilization,1
luky,1
alfirman,1
colorado,1
rumongso,1
fauzan,1
fafifu,1
wasweswos,1
rusat,1
im,1
cbr,1
hc,1
syarifah,1
zoliiimmm,1
compact,1
disamain,1
snub,1
bihalal,1
noise,1
protocolan,1
documentalist,1
wisyaiswara,1
builder,1
ngebazer,1
heyyy,1
commonplace,1
olimp,1
immoral,1
outsmart,1
corroborate,1
humor,1
ketok,1
downfall,1
grubnya,1
balal,1
univ,1
alif,1
adana,1
pedeo,1
workshoppedeo,1
reparasitanpabasabasi,1
wagecheap,1
unioncampus,1
fhui,1
omg,1
partiality,1
banter,1
banteran,1
angkata,1
ciaelah,1
feud,1
goodstats,1
pinalty,1
tega,1
cutlery,1
fllwr,1
directoridisen,1
endorsement,1
interakti,1
jugo,1
twitteran,1
reseller,1
reminiscent,1
harganyo,1
catalog,1
continuembg,1
infeasibility,1
prosperityaanguru,1
downstairs,1
auxiliary,1
curtain,1
nyeplok,1
fnb,1
naiikkk,1
teroooss,1
jostle,1
tuton,1
kbm,1
pj,1
poorest,1
twd,1
yatuh,1
rewrite,1
anomalous,1
pki,1
gobble,1
notosusanto,1
historian,1
sartono,1
kartodirjo,1
substitute,1
sni,1
prehistory,1
fadhli,1
stylist,1
registry,1
pranata,1
appbn,1
muong,1
documentalis,1
protococcus,1
heritage,1
gdrive,1
folder,1
komdigi,1
attentional,1
provocation,1
wkwkkw,1
dosbim,1
cuff,1
kedungbanteng,1
dirman,1
membership,1
depart,1
mbg,1
gaboleh,1
pm,1
sascin,1
lawfirm,1
notary,1
kureng,1
andkopaska,1
koarmada,1
sadarianto,1
asops,1
pangkormar,1
waorjen,1
babinkum,1
marimin,1
haryanto,1
waka,1
studenthood,1
caduna,1
briand,1
iwan,1
prang,1
tnial,1
pecahbintang,1
laksamanamuhammadali,1
korpsmarinir,1
brigjenmar,1
dankopaska,1
asopspangkormar,1
waorjentni,1
shopeefood,1
jabfnya,1
tefl,1
blusukan,1
hockey,1
reinterpret,1
ito,1
mendang,1
oilgasoffshorepetrolcompany,1
allerta,1
bizarre,1
fdik,1
mainstream,1
fragrant,1
splash,1
virgandhi,1
prayudantoro,1
nyebokin,1
mesatu,1
malik,1
fadjar,1
bequeath,1
muhadjir,1
effendy,1
equalization,1
nangissss,1
ngaworrrr,1
samigaluh,1
kulonprogo,1
centralization,1
escalation,1
postal,1
rifqinizamy,1
karsayuda,1
universe,1
buuu,1
elap,1
fascinate,1
orchestration,1
salaried,1
misorder,1
nyampek,1
sedino,1
ancen,1
drugstore,1
str,1
islan,1
renov,1
pura,1
bujer,1
fa,1
ezeh,1
ghaffar,1
haddadi,1
autumn,1
personality,1
murthada,1
murtadha,1
ripe,1
amoli,1
khomeini,1
tomans,1
baitul,1
mal,1
calmly,1
inshallah,1
gentle,1
selectivity,1
hammer,1
uii,1
craziest,1
breeze,1
geis,1
kerjao,1
sen,1
unfavorably,1
samsnung,1
publisher,1
mumble,1
grapple,1
covert,1
underemployment,1
puang,1
sekondan,1
klenger,1
fraudster,1
fraudsters,1
hersing,1
polarize,1
frontline,1
bumc,1
replicate,1
glare,1
forgery,1
falsehood,1
horde,1
sociopath,1
motion,1
cancellation,1
exacerbate,1
perish,1
romusha,1
depression,1
illness,1
psychotherapy,1
compose,1
inconspicuous,1
unbelievably,1
kanji,1
heretical,1
teaching,1
plague,1
severity,1
bulk,1
soshum,1
literal,1
deceiver,1
slyvain,1
sylvain,1
copyright,1
qrt,1
jihad,1
paddy,1
obscene,1
rapist,1
uuitm,1
mara,1
rotate,1
waterpark,1
seaker,1
alta,1
jink,1
ninja,1
iwd,1
longterm,1
ray,1
tm,1
rossa,1
trainihin,1
mud,1
puddle,1
dropout,1
sppi,1
re,1
gweh,1
fain,1
arfan,1
expiration,1
salutation,1
uuasn,1
nephew,1
minjam,1
adeknya,1
anchor,1
ldm,1
skinker,1
trnyta,1
sedos,1
unnaturally,1
insolent,1
tiger,1
shrivel,1
tentor,1
nap,1
survivorship,1
ml,1
mmng,1
elus,1
dada,1
rab,1
shu,1
bayngin,1
foya,1
permendiktisaintek,1
nyemplung,1
nagih,1
unravel,1
gubris,1
prefectural,1
horizontally,1
thump,1
pretrial,1
sih,1
romli,1
relentless,1
defunct,1
sarpras,1
spgs,1
infogtk,1
dicti,1
pretab,1
koi,1
airdropper,1
fakkk,1
gadang,1
danusan,1
umroh,1
ole,1
telecom,1
gaul,1
bulog,1
gawe,1
subsidiary,1
ux,1
bdv,1
incubator,1
ngetik,1
ahmadinejad,1
instability,1
hutpdiperjuangan,1
pdipuangan,1
truthpastimenang,1
solidberderap,1
dsb,1
ww,1
manut,1
sampeyan,1
pliiiiiizzz,1
diajakin,1
dogma,1
megap,1
booth,1
esdm,1
rudely,1
rudianto,1
lallo,1
munadi,1
github,1
polymarket,1
predictor,1
pbot,1
vps,1
repository,1
fork,1
dilution,1
tilt,1
peoplewho,1
huft,1
roi,1
educative,1
acamsi,1
epistemic,1
rationalise,1
dik,1
kunker,1
wkwkwkwkwkw,1
appendage,1
homebased,1
salamconstitution,1
wak,1
machinist,1
turnaround,1
alot,1
monetarily,1
partisanship,1
maslow,1
pyramid,1
uni,1
datengin,1
achievable,1
torturous,1
gaguna,1
swastod,1
nyekolahin,1
mendingan,1
proyenya,1
dilute,1
sensory,1
theyare,1
further,1
kickback,1
infra,1
msbak,1
hukumonline,1
lancaster,1
yailah,1
areclearly,1
palmization,1
semasive,1
ngecht,1
abcd,1
tarwih,1
despicable,1
veronica,1
koman,1
enhancer,1
saturn,1
intensify,1
copywriting,1
sekolat,1
fanart,1
utahime,1
gojo,1
unsung,1
romanticism,1
brightest,1
checkup,1
unprecedented,1
preventive,1
haturkan,1
digibawa,1
nb,1
tulul,1
mane,1
i,1
ram,1
linux,1
maba,1
bang,1
heavenly,1
coresponding,1
ledia,1
hanifa,1
amaliah,1
adaptive,1
sturdy,1
mold,1
believer,1
pkspksdprri,1
sudrajad,1
subtly,1
salamconstitute,1
der,1
dor,1
tickle,1
wym,1
mangihut,1
neurosurgery,1
astound,1
homepay,1
kasiani,1
theseidiots,1
lowker,1
litereli,1
mantengin,1
bwakakkak,1
kyungyong,1
gakok,1
billihin,1
ngebuzzernya,1
medsos,1
tps,1
snot,1
wuhuh,1
incapacitate,1
batter,1
mary,1
bitner,1
pysical,1
evindence,1
interaction,1
stratehi,1
contributor,1
koentji,1
scene,1
bronies,1
amanda,1
technolohi,1
hape,1
quasi,1
louderrr,1
pleaseeee,1
saiki,1
kenopo,1
kabeh,1
uwong,1
nguber,1
enlightme,1
agee,1
opo,1
seng,1
diuber,1
semono,1
gajine,1
sopo,1
ngersulo,1
ambek,1
niche,1
manteman,1
folback,1
reallll,1
facttt,1
asdfkfslkaanaalao,1
brianyuliarto,1
sumatera,1
shaky,1
angjay,1
batu,1
lombok,1
wkkk,1
cheater,1
najizzz,1
mugholadoh,1
offense,1
mboten,1
dompu,1
tuban,1
blitar,1
deli,1
serdang,1
educationally,1
linkedin,1
ciputat,1
tangsel,1
berattttt,1
genie,1
dispose,1
boo,1
graze,1
ittihad,1
french,1
striker,1
equipe,1
advertise,1
scamming,1
kcic,1
tahi,1
kebo,1
vertigo,1
pensioner,1
apek,1
poisonous,1
comrade,1
smoothen,1
mininum,1
stealth,1
kotakin,1
cltn,1
fresher,1
wef,1
santosa,1
sunan,1
gunung,1
djati,1
tresnawaty,1
kom,1
persuasive,1
digitization,1
uiii,1
dianyita,1
multilateralism,1
cand,1
donie,1
kadewandana,1
sltp,1
pamulang,1
instituai,1
urip,1
sawang,1
sinawang,1
unpleasantness,1
rig,1
dibwh,1
unceasingly,1
indefinitely,1
replica,1
bum,1
beneeerrr,1
rpt,1
jambi,1
outcry,1
expressly,1
wulansari,1
restraint,1
firmness,1
berau,1
ngritik,1
apathy,1
intinyi,1
mih,1
iri,1
iji,1
palakor,1
cyberspace,1
inhibitor,1
rapelan,1
asu,1
arguably,1
gadapetnothing,1
duidnya,1
interpersonal,1
cincau,1
cucino,1
mckinsey,1
samsat,1
bappeda,1
wilderness,1
desheng,1
kp,1
rambutan,1
gaennya,1
athlete,1
ostrali,1
shortcourse,1
ofso,1
az,1
hahax,1
bounty,1
benul,1
chemistry,1
nntinya,1
sudan,1
arek,1
bahlul,1
rpm,1
enny,1
nurbaningsih,1
thunder,1
unnes,1
upil,1
rhino,1
mop,1
owwlah,1
terara,1
degrade,1
dzalimnya,1
debunzi,1
risol,1
astaghfirullah,1
nyocot,1
lako,1
ngegrab,1
ntu,1
narcissist,1
iva,1
punten,1
nauzubilah,1
avg,1
bangchan,1
inn,1
copisop,1
litigant,1
ascend,1
tera,1
orange,1
cima,1
mbokya,1
envious,1
asterisk,1
gofood,1
theirtrips,1
hahahahahahaha,1
nam,1
jaspel,1
compassion,1
subsistence,1
fattest,1
posture,1
electorally,1
pad,1
lnjt,1
alhamdullilah,1
pptx,1
uncommon,1
accidentally,1
informative,1
proceeding,1
variation,1
heueuueue,1
mahasewa,1
persks,1
sokay,1
perpus,1
wkwkwkwkwkwkwk,1
tupoxy,1
tomb,1
widih,1
danain,1
paint,1
politely,1
msi,1
ngegojek,1
overwork,1
ampta,1
mpu,1
tantular,1
prenduan,1
purwokerto,1
candy,1
spil,1
gemini,1
fold,1
jaksel,1
alphard,1
jta,1
bmw,1
ummr,1
pureblood,1
fb,1
amuse,1
hadehhh,1
naturalize,1
scoreboard,1
misapprehension,1
perlente,1
stifle,1
incoming,1
crater,1
candradimuka,1
accamion,1
playlist,1
megamm,1
awoakakak,1
mumpung,1
musyrif,1
muhafiz,1
assalam,1
balikpapan,1
pui,1
courthouseconstitutional,1
infoterkini,1
talkfaktalewatnews,1
quieter,1
alvino,1
kusumabrata,1
compile,1
lopsided,1
refuge,1
cyber,1
bout,1
sik,1
klean,1
humanize,1
ashari,1
selengkapnya,1
mew,1
informatics,1
underway,1
aspirational,1
cu,1
buck,1
peg,1
sweetness,1
entrench,1
napak,1
contoh,1
sage,1
censor,1
blaspheme,1
scorpus,1
nasakom,1
pulley,1
jl,1
barat,1
pusat,1
ngerapihin,1
gimane,1
preketek,1
bjb,1
hebring,1
hpnya,1
buwat,1
foto,1
akunya,1
adeku,1
mannya,1
astagfirullah,1
hedonistic,1
istigfar,1
buddy,1
sendikia,1
selfharm,1
casn,1
overlimit,1
danambg,1
swim,1
skul,1
wateva,1
plis,1
redundant,1
localan,1
rkd,1
asiatenggara,1
tahungolkar,1
partigolkar,1
bahlillahadalia,1
hetifahsjaifudian,1
cosplay,1
pundit,1
unrealistic,1
brahmin,1
madesu,1
outlook,1
symbolically,1
ba,1
turin,1
laude,1
stei,1
panjaaaaang,1
dangerously,1
larry,1
untl,1
priveleges,1
rpjt,1
democratization,1
claau,1
diuru,1
fission,1
audi,1
gadget,1
philologist,1
gpt,1
overstate,1
speculative,1
justifiable,1
unofficial,1
stich,1
igd,1
aslik,1
akk,1
dzuhur,1
penenoning,1
martabak,1
pliss,1
eman,1
semangaaaat,1
dosennn,1
kaaak,1
dikiiit,1
dikiiitt,1
breathe,1
evasion,1
din,1
potholed,1
corn,1
sumsel,1
pond,1
abcdz,1
gosh,1
bl,1
ken,1
myriad,1
fantasize,1
diction,1
hendri,1
satrio,1
familiarly,1
commemoration,1
unusually,1
wewehane,1
bisyaroh,1
xixixi,1
judgmental,1
curcol,1
bikini,1
btc,1
tg,1
hamster,1
reappear,1
blockhain,1
aduin,1
mu,1
aril,1
meh,1
prosperityaandosen,1
prolegnas,1
sabamsinaga,1
democratkabbekasi,1
romlihm,1
bakomstrakabbekasi,1
bureaucratization,1
dah,1
ekwkwkwk,1
azaki,1
khoirudin,1
mkdi,1
yagesyaaaa,1
ngadepin,1
bejibun,1
worthwhile,1
bonafide,1
merch,1
bt,1
fangirls,1
ace,1
rundown,1
warek,1
flick,1
aslab,1
guyss,1
domicile,1
ewallet,1
makasii,1
tooaaaa,1
surgeon,1
blurajadulu,1
senggol,1
hhe,1
porto,1
auto,1
newbie,1
sept,1
suwi,1
os,1
metropolitan,1
dugem,1
statute,1
indon,1
adekku,1
gadikasih,1
syafi,1
ngarepin,1
syulitic,1
alpha,1
tmsk,1
wkkkk,1
boot,1
doain,1
friendsare,1
horrify,1
photograph,1
videoed,1
tupoksi,1
dalem,1
dalemnyaa,1
bre,1
ormawa,1
anaverageuktof,1
patrik,1
diabolical,1
menkok,1
paspasan,1
ngekos,1
funfact,1
selow,1
hhhhh,1
kebangetan,1
ricek,1
gaberes,1
forgiveness,1
groundwater,1
infiltration,1
hydro,1
geological,1
spring,1
fery,1
amsary,1
podcas,1
leaflet,1
entrance,1
fiktip,1
balinese,1
idrx,1
swift,1
mabar,1
mahm,1
uceng,1
contemporary,1
farhan,1
santuy,1
fafifuwasweswos,1
offspring,1
kiki,1
performative,1
nelangsa,1
misuh,1
kepiye,1
ngene,1
iki,1
asta,1
cita,1
notessatutahunprabowogibran,1
satutahunprabowogibran,1
gajiasn,1
ketikaindonesiaberbenah,1
mhsw,1
procrastinator,1
lieur,1
seabrek,1
trustworthy,1
differentin,1
ngabdi,1
tether,1
grandeur,1
worldwide,1
adhere,1
albert,1
eternally,1
ir,1
irwan,1
katili,1
ftui,1
sex,1
dati,1
degradation,1
gapeduli,1
gaikut,1
thb,1
pleasure,1
dostap,1
iot,1
eternity,1
gasampe,1
tridharmanya,1
upan,1
onaverage,1
opopo,1
cronyism,1
meditate,1
ndan,1
vaccine,1
tube,1
cancer,1
reunite,1
enable,1
yuna,1
fikry,1
unregistered,1
analogize,1
nonstop,1
unaffected,1
schoolchildren,1
cisdi,1
resolute,1
reconvene,1
gajah,1
oce,1
madril,1
rullyandi,1
arista,1
hidayatul,1
rahmansyah,1
proxy,1
zanatul,1
haeri,1
gajiguru,1
ward,1
urology,1
bypass,1
idntimesnews,1
patra,1
niaga,1
terminal,1
handover,1
indramayu,1
susanto,1
csr,1
jbb,1
vivacoid,1
susantoaugustsatria,1
kemenrisaintek,1
thirsty,1
inflationary,1
documentation,1
luthfi,1
humam,1
businessupdate,1
latestinfo,1
latestnews,1
talkfactualthroughnews,1
beye,1
ist,1
betawi,1
salafi,1
wahhabi,1
khalid,1
basalamah,1
allowable,1
tuberculosis,1
millennials,1
hypocrite,1
unpopular,1
broader,1
armor,1
alter,1
vigilant,1
ldr,1
exercise,1
unconsciously,1
slowdown,1
consequent,1
bni,1
bri,1
btn,1
bsi,1
pessimistic,1
debit,1
giro,1
painfully,1
excessively,1
inanimate,1
chalk,1
plenty,1
thicker,1
sadis,1
geopolitics,1
bloc,1
brics,1
multipolarity,1
cnn,1
comedian,1
tariff,1
afflict,1
hm,1
octa,1
ow,1
renew,1
maestro,1
recital,1
aristocratic,1
daan,1
generosity,1
bulat,1
sis,1
italy,1
businessmen,1
artistically,1
orthodox,1
muljadi,1
communicator,1
interrupt,1
hpp,1
inhabitant,1
editorial,1
newly,1
tenor,1
symbolism,1
patriotism,1
wartime,1
tighter,1
rosan,1
roeslani,1
bkpm,1
djarum,1
patria,1
cio,1
prajogo,1
pangestu,1
franky,1
oesman,1
widjaja,1
sinar,1
agri,1
ltd,1
garibaldi,1
thohir,1
tbk,1
coupon,1
doddy,1
ariefianto,1
ojk,1
skepticism,1
communal,1
boardroom,1
prastyo,1
suara,1
kolaka,1
populix,1
guaaaaaaaaaaaaa,1
workkkkk,1
fakk,1
yuuuu,1
ffakkkkkkkkkkkkkkk,1
moveeeeeee,1
fakkkk,1
recreation,1
masquerade,1
synthesis,1
detach,1
itts,1
rrb,1
hehehwhehwh,1
ppkn,1
delve,1
tonight,1
bersuara,1
darling,1
businessperson,1
observation,1
restructure,1
kurniawan,1
rkuhp,1
tuha,1
rizqi,1
fiesta,1
yuliana,1
affankurniawan,1
vidol,1
mobilrantis,1
demodpr,1
brimob,1
bicarafaktalewatberita,1
transparently,1
nafa,1
urbach,1
introspect,1
slim,1
bebek,1
fandom,1
firsthand,1
learner,1
assault,1
misuse,1
sleepy,1
jupiter,1
overpay,1
inspirational,1
whattttt,1
astagfirulloh,1
rivalry,1
heryawan,1
demotion,1
hadian,1
blanka,1
rahel,1
maretha,1
joanne,1
elizabeth,1
ayudya,1
rininta,1
secular,1
chart,1
itebe,1
gladly,1
container,1
forcibly,1
billow,1
extinguish,1
log,1
cessation,1
demokalbar,1
riot,1
dprdkalbar,1
stoppeti,1
kalbar,1
metakhatulistiwa,1
unironically,1
mahaputra,1
faint,1
mil,1
ooo,1
intan,1
grey,1
pigsty,1
notebook,1
cunt,1
eos,1
summer,1
banggar,1
sephia,1
xatrya,1
farraa,1
vidio,1
wetv,1
wewatch,1
indihome,1
transvision,1
gastrust,1
abolition,1
hartono,1
parlementaria,1
millennial,1
foremost,1
cleanse,1
scrutiny,1
iskandar,1
residence,1
kalibata,1
himpir,1
hairunnas,1
wami,1
lmkn,1
virtuous,1
koornas,1
prisoner,1
appearance,1
trim,1
hall,1
fufufafaaibnasional,1
superficially,1
unempathetic,1
brainless,1
confidently,1
infect,1
occurrence,1
kkp,1
necessitate,1
elit,1
indirect,1
dismissive,1
lynn,1
borderline,1
itt,1
fond,1
blurt,1
nasional,1
backlash,1
remark,1
candidly,1
philosophical,1
preamble,1
haitren,1
berry,1
seventh,1
wita,1
asr,1
expedite,1
batang,1
ke,1
glory,1
sangkil,1
confusedly,1
mysterious,1
longstanding,1
matcha,1
correlation,1
reception,1
akwkwkwkkw,1
fluent,1
flicker,1
exclaim,1
supernatural,1
evolution,1
conspiracy,1
mischievous,1
jinnology,1
fancier,1
mystical,1
cosmic,1
metaphysical,1
astral,1
judiciary,1
stipend,1
liputan,1
lipintrnsltn,1
pedestal,1
oslo,1
envelop,1
jpg,1
motherf,1
er,1
scum,1
ethes,1
mindblowing,1
reaffirm,1
rakabuming,1
raka,1
cautious,1
presidentialspeech,1
statesspeech,1
nationalbudget,1
financialnote,1
thindependenceday,1
unitysovereigntywelfareprogressiveindonesia,1
ewwww,1
fufufu,1
reevaluate,1
bmi,1
sweeper,1
impeach,1
sthi,1
susanti,1
trijaya,1
gaib,1
maruto,1
presenter,1
anisha,1
dasuki,1
blabber,1
susilo,1
weaker,1
pittance,1
umjt,1
madiun,1
rahman,1
comprehend,1
platform,1
wfh,1
sopifut,1
haedar,1
nashir,1
goatifi,1
shorter,1
abide,1
enforcer,1
incense,1
mistreat,1
cheerful,1
scam,1
battlefield,1
stateless,1
lionel,1
messi,1
clinician,1
helicopter,1
robot,1
prosecution,1
paylaters,1
mkp,1
agustinus,1
bansos,1
attempt,1
extensively,1
debtor,1
nalarschool,1
chengdu,1
decay,1
garner,1
hirunkit,1
twin,1
serikatpekerjakampus,1
berserikatkitakuat,1
bald,1
wrongdoing,1
appetite,1
definitive,1
reforestation,1
preparedness,1
excess,1
ox,1
qodari,1
insightful,1
aide,1
tongue,1
irene,1
exclusion,1
bacarek,1
simplification,1
mahmud,1
batusangkar,1
aliman,1
lifeblood,1
wheel,1
identify,1
bailout,1
dbh,1
paralysis,1
tkd,1
drastic,1
illusionary,1
kdkmp,1
shameful,1
barakallah,1
fii,1
umrik,1
picker,1
rebranding,1
digitally,1
math,1
legalization,1
prostitution,1
notably,1
revitalization,1
madrasa,1
pke,1
hearingmk,1
legitimize,1
practically,1
heterogeneous,1
affluent,1
incorrectly,1
equivalency,1
fatso,1
kartu,1
desil,1
risma,1
sony,1
honey,1
moderate,1
yappika,1
mbk,1
gia,1
brainwash,1
retest,1
upside,1
paris,1
developmental,1
tak,1
vertically,1
significance,1
madilog,1
lipi,1
bppt,1
lapan,1
mentorship,1
dissemination,1
astacita,1
venezuelan,1
belonging,1
resemble,1
raden,1
violla,1
reinindia,1
fame,1
coworker,1
outlet,1
absorption,1
militarize,1
resilient,1
snatch,1
bouquet,1
masha,1
aliaeuo,1
wealthier,1
jobseeker,1
xraaa,1
nguyen,1
guarantor,1
ppkk,1
pbuh,1
khamim,1
tohari,1
physiotherapy,1
sofiatun,1
moderation,1
sugar,1
pregnancy,1
womb,1
hypnotherapist,1
karlin,1
istiqoma,1
coconut,1
juice,1
untrue,1
llm,1
architectural,1
predictive,1
sensor,1
detect,1
yesss,1
monolithic,1
rigorously,1
talkative,1
dowry,1
haaaaah,1
disorder,1
bukittinggi,1
indonesiamaju,1
hehee,1
slowest,1
screenshots,1
darn,1
multiparty,1
wholesale,1
trunk,1
height,1
carport,1
bike,1
sulk,1
conservative,1
widow,1
embarrassment,1
unimaginable,1
fester,1
yell,1
cusm,1
hikmahanto,1
extravagantly,1
siln,1
tamsil,1
thl,1
slb,1
pemda,1
daerah,1
bosnas,1
gtt,1
relaxation,1
extracurricular,1
downward,1
misappropriate,1
misinterpret,1
juridical,1
hindayana,1
principled,1
iship,1
predictable,1
abracadabra,1
bianca,1
sumendap,1
tukintni,1
tukinkemhan,1
mensesneg,1
prasetyohadi,1
kesejahteraannakest,1
sa,1
ed,1
fairest,1
ahahaha,1
permanence,1
absurdity,1
fiery,1
dedi,1
repent,1
mathematically,1
metric,1
whatsapped,1
offshore,1
owi,1
faaaaaaaak,1
reiterate,1
technocracy,1
centripetal,1
foundational,1
preservation,1
sensation,1
incremental,1
leap,1
byan,1
makeshift,1
rename,1
pharmaceutical,1
convene,1
envision,1
goodwill,1
lottery,1
smrc,1
cendol,1
dawet,1
alternately,1
nameplate,1
misplace,1
studentloans,1
educationjustice,1
indomie,1
picus,1
buttonscarves,1
gose,1
generalis,1
evident,1
bhhhhhapppp,1
denser,1
checkmate,1
termul,1
yyy,1
edward,1
pkpu,1
phi,1
gist,1
militaristic,1
donny,1
ermawan,1
taufanto,1
stiff,1
dormitory,1
ukri,1
gemoy,1
hadeeh,1
gateway,1
risfa,1
izzati,1
aggregate,1
boytrzky,1
momentarily,1
disaggregated,1
advisory,1
wisnu,1
prasetya,1
muscle,1
sparingly,1
inferiority,1
hierarchically,1
zoo,1
indian,1
technique,1
multiverse,1
collude,1
sway,1
concretely,1
feri,1
persuade,1
corrective,1
infrequent,1
blow,1
conceal,1
batagor,1
snore,1
awake,1
wahahahah,1
yaaaaa,1
unsafe,1
bodyguard,1
whimsically,1
stovia,1
wastefulness,1
hasty,1
ecological,1
litigate,1
unevenly,1
quartile,1
span,1
nest,1
supervisory,1
epistemology,1
delightful,1
canopy,1
episode,1
malicious,1
lucknut,1
peripheral,1
wetland,1
occasionally,1
beyyy,1
unrepresented,1
reconstruct,1
cen,1
uner,1
extensive,1
swallow,1
microsoft,1
oracle,1
pixar,1
blizzard,1
blank,1
visionary,1
overclocking,1
whoa,1
ge,1
conveniently,1
pisang,1
thankfully,1
beforehand,1
rehabilitate,1
fitrah,1
unfocused,1
lembata,1
nou,1
billah,1
pergunu,1
relatable,1
cengbulu,1
spam,1
decease,1
fmcg,1
erasmus,1
ultimatum,1
embassy,1
rollercoaster,1
altruistic,1
siaw,1
ging,1
kasih,1
fx,1
sudanto,1
jayapura,1
aznan,1
lelo,1
drh,1
mangku,1
sitepu,1
dosmud,1
payouts,1
tl,1
jb,1
virtual,1
luvv,1
kks,1
yayasan,1
karya,1
kse,1
tanoto,1
baznas,1
tracer,1
historically,1
chevron,1
freeport,1
vale,1
geotechnical,1
payback,1
scientifically,1
lens,1
theoretically,1
perpetuate,1
territorial,1
spgg,1
acute,1
monash,1
ratih,1
talitha,1
hydrology,1
misbehave,1
destiny,1
ptmas,1
ehehe,1
customary,1
andy,1
bayu,1
bawono,1
diktilitbang,1
disbandment,1
tanker,1
yaqut,1
jewel,1
muvmuv,1
heheheh,1
punctual,1
regression,1
oversimplify,1
ghana,1
jeremy,1
foltz,1
kweku,1
opoku,1
agyemang,1
impunity,1
severely,1
embezzlement,1
ethically,1
decisive,1
tehran,1
oppressor,1
hezbollah,1
satan,1
toman,1
cruelty,1
sexually,1
tree,1
boldest,1
reclaim,1
freire,1
dp,1
homeowner,1
sorrow,1
halve,1
stagnation,1
doubtful,1
melawai,1
eighteenth,1
depreciate,1
outward,1
dire,1
tauchid,1
komara,1
yuda,1
plight,1
michel,1
foucault,1
biopolitical,1
flesh,1
subjugate,1
ida,1
chasanah,1
febrie,1
adriansyah,1
illicit,1
discrepant,1
persecute,1
mendikti,1
ruf,1
sh,1
superman,1
iblam,1
unissula,1
smoother,1
butter,1
zulkifli,1
soesatyo,1
toyota,1
camry,1
hrv,1
jazz,1
avanza,1
livina,1
djuwarijah,1
nurani,1
arimbi,1
indah,1
immortalize,1
biopic,1
morocco,1
nuan,1
hug,1
meme,1
simpler,1
bar,1
petty,1
adorn,1
sewer,1
swoon,1
oops,1
transjakarta,1
misunderstanding,1
dm,1
cyberbullying,1
cenukwidiyastrisna,1
dosenunair,1
isbi,1
reinstate,1
ihsg,1
blackout,1
thinly,1
baseline,1
drakor,1
dracin,1
raya,1
jampidsus,1
cilok,1
smallness,1
missile,1
blemish,1
wirautama,1
yusnan,1
garut,1
lamongan,1
sorrowful,1
heh,1
neutrally,1
govern,1
indonesiakitagarudatv,1
educationindonesia,1
yawn,1
gossipy,1
vanish,1
sickly,1
gaurav,1
srivatava,1
parrot,1
hastily,1
eldest,1
syekh,1
nawawi,1
banten,1
rulie,1
chirp,1
doxxed,1
defame,1
popularity,1
nokia,1
keypad,1
masse,1
lecturersvent,1
teacherandlecturerlaw,1
mediaindonesia,1
validate,1
mohammad,1
nasih,1
divine,1
psychotropics,1
addictive,1
elpt,1
administer,1
itp,1
uuo,1
jatinangor,1
vitae,1
equivalence,1
indisputable,1
criminally,1
interviewer,1
ass,1
burst,1
emergence,1
naked,1
linearity,1
elephant,1
earliest,1
itera,1
slap,1
viralpost,1
nj,1
unesco,1
favoritism,1
afham,1
coop,1
sania,1
mashabi,1
mahar,1
prastiwi,1
epic,1
ilhampid,1
suhartoyo,1
quo,1
residue,1
upbringing,1
syndrome,1
fussy,1
adulthood,1
affection,1
disruptive,1
neatest,1
sideways,1
avoidance,1
sadddd,1
sarcastically,1
uproar,1
numerical,1
beauty,1
pace,1
sugiyantosr,1
offset,1
ammunition,1
miscalculation,1
illiteracy,1
electrical,1
sunu,1
wibirama,1
actualization,1
bluff,1
latifulansori,1
changer,1
irregular,1
rawls,1
veil,1
sharper,1
probation,1
bedridden,1
adulatory,1
sycophancy,1
dipa,1
herenal,1
daeng,1
toto,1
conceptually,1
counter,1
gsi,1
lancang,1
kuning,1
djuanda,1
retroactive,1
stepchild,1
waive,1
citizenship,1
substantially,1
basin,1
pwk,1
arrow,1
torch,1
terrify,1
survivor,1
spirituality,1
tactic,1
willingly,1
huehehhehehehehhehehhehehehhehehehehehehhehehhehhehehhehehehehhehehehhehehehheheheh,1
kamilmoon,1
reorganize,1
philosophically,1
hhhaaa,1
ikhwan,1
bjrr,1
permanently,1
incidental,1
aprina,1
inaccurate,1
unacceptable,1
cog,1
reactive,1
repeal,1
proportionally,1
tretetet,1
cannibalize,1
neoliberal,1
rebuttal,1
childish,1
asnlecturer,1
lecturerpoor,1
hearningsession,1
anecdotal,1
spur,1
carrot,1
bsd,1
scavenger,1
blablablabla,1
widespread,1
contra,1
inadequacy,1
contingent,1
idninsight,1
analisisindonesiathread,1
bearable,1
nr,1
sidetrack,1
retiree,1
archaeology,1
captain,1
revow,1
sneaky,1
esa,1
unggul,1
delegitimizing,1
unattended,1
au,1
selfishness,1
cont,1
debureaucratization,1
ckckck,1
columbia,1
picket,1
debatable,1
eeealaaah,1
nelzamiqbal,1
dumb,1
heartfelt,1
onto,1
klomo,1
minor,1
rotterdam,1
shortly,1
closest,1
io,1
timetoadvancetogether,1
mkhearing,1
indonesianeducation,1
nonasnlecturer,1
tpd,1
snide,1
snarky,1
rationally,1
hypocritical,1
ceramic,1
ignasius,1
jonan,1
stigmatize,1
abundantly,1
unfulfilled,1
teachersandlecturers,1
portal,1
doc,1
insincere,1
indoctrination,1
childbirth,1
dialysis,1
neglectful,1
aaup,1
provocative,1
bismillahirrahmanirrahim,1
starve,1
seeker,1
asb,1
nidk,1
ive,1
doormat,1
saturate,1
upnv,1
narrate,1
madness,1
dot,1
firdaus,1
lpmb,1
woosh,1
mount,1
kawi,1
idk,1
leverage,1
khasali,1
unimelb,1
amicus,1
curia,1
gresik,1
homework,1
lukashenko,1
belarus,1
authoritarian,1
bruuuh,1
blus,1
positional,1
cdm,1
harmful,1
hopeless,1
plead,1
sectoral,1
disrespectful,1
honorarily,1
hahahah,1
jahal,1
precarious,1
tyranny,1
ycq,1
garment,1
gajidosenlayak,1
restrictive,1
macbook,1
mac,1
mini,1
rabbit,1
strat,1
wagmi,1
stricter,1
merah,1
putih,1
tantrum,1
rant,1
reliance,1
kdm,1
thinker,1
mamuju,1
bankruptcy,1
staple,1
supremacy,1
privatization,1
jolly,1
roger,1
studentprotest,1
indonesiabankrupt,1
lowerfuelprices,1
reducewastefulstatebudget,1
economicreform,1
ethnicity,1
ukraine,1
lebanon,1
gulf,1
loser,1
statehood,1
nationalunity,1
elitecollaboration,1
indonesiaprogress,1
economicindependence,1
maturedemocracy,1
nationalmutualcooperation,1
academicsfornation,1
prosperousindonesia,1
thrive,1
wenikayuda,1
casuistic,1
ppm,1
cemoro,1
sewu,1
beach,1
bantul,1
swps,1
hose,1
conservation,1
entropy,1
thermodynamics,1
imperfection,1
consistency,1
abang,1
abul,1
semantics,1
unwell,1
padel,1
mediator,1
agitational,1
aforementioned,1
norm,1
outage,1
proclaim,1
zulkipli,1
cawi,1
capi,1
harry,1
budiutomo,1
harmadi,1
enumerator,1
pcl,1
pml,1
questionnaire,1
publicity,1
outreach,1
nine,1
ix,1
wahyudi,1
askar,1
pembelarakyat,1
satirize,1
oasis,1
pulo,1
rijal,1
tuna,1
thigh,1
wing,1
breast,1
padjadjaran,1
hadiyanto,1
minggu,1
sakernas,1
julkifli,1
sinuhaji,1
culinary,1
nasi,1
britain,1
tenth,1
mahathir,1
mohamad,1
blueprint,1
universiti,1
teknologi,1
partisan,1
strategically,1
proton,1
penang,1
johor,1
selangor,1
electronics,1
intel,1
amd,1
infineon,1
thorough,1
sonjaya,1
babble,1
deyang,1
loyalist,1
sarumpaet,1
youtubers,1
squishies,1
infaq,1
maal,1
haul,1
rainwater,1
tajukrencana,1
hone,1
training,1
prescribe,1
banal,1
reap,1
markup,1
pluto,1
sweden,1
upnvj,1
babat,1
bombastic,1
conceptual,1
astray,1
thirty,1
malam,1
dunia,1
hel,1
extortionist,1
keyword,1
ganjar,1
foolishly,1
transformative,1
narcissism,1
disconnect,1
flagship,1
honoraryteachers,1
disobedience,1
disintegration,1
businesspeople,1
alms,1
trample,1
outrage,1
reinvestment,1
residual,1
realistically,1
ant,1
jellyfish,1
blatantly,1
hostility,1
mahesa,1
intoxicate,1
methadone,1
plural,1
jury,1
rotation,1
idolize,1
emphasis,1
conception,1
democratically,1
institutionally,1
externality,1
ala,1
deprive,1
imbalanced,1
helplessness,1
deepest,1
footnote,1
ehes,1
define,1
fatwa,1
horeg,1
tout,1
casemiro,1
bride,1
informally,1
ingrain,1
devolve,1
dealing,1
rose,1
debut,1
mtv,1
teen,1
vinyl,1
persija,1
sleman,1
arema,1
militant,1
ghall,1
pact,1
nara,1
breach,1
usage,1
duration,1
conformity,1
vladivostok,1
awakwakwakwakwakawkakawkaw,1
cosplaying,1
trajectory,1
abortion,1
shaman,1
progressively,1
bracket,1
faq,1
veto,1
overgeneralize,1
hanif,1
crude,1
biodiesel,1
rdmp,1
quickest,1
pivot,1
maneuver,1
pindad,1
rhetoric,1
buffer,1
scoop,1
accident,1
pandeglang,1
middleman,1
segment,1
paralyze,1
nonexistent,1
symbolic,1
ilo,1
unitedstrong,1
bootcamps,1
paylater,1
consent,1
backpay,1
ho,1
chi,1
minh,1
multidimensional,1
rural,1
conscious,1
parity,1
ppp,1
rizma,1
afian,1
barbie,1
downside,1
tempoplus,1
amal,1
uim,1
paradoxical,1
heartedly,1
interregional,1
fragment,1
ruusisdiknas,1
ikalpnxxvi,1
komisix,1
reformasipendidikan,1
elshintanews,1
uncomfortably,1
freeloader,1
purwanto,1
raker,1
retno,1
listyarti,1
legislature,1
chavez,1
authoritarianism,1
unwillingly,1
ptk,1
yudhie,1
sadewa,1
importer,1
untar,1
hery,1
firmansyah,1
hum,1
mpa,1
asslmkm,1
stimulus,1
conventional,1
smbega,1
sympathize,1
ilfi,1
dr,1
tirta,1
nasaruddin,1
monumental,1
christian,1
catholic,1
hindu,1
buddhist,1
muallim,1
suyitno,1
excavate,1
tank,1
soekarno,1
jobstreet,1
jejen,1
musfah,1
livestreaming,1
dwell,1
majesty,1
permendikdasmen,1
jp,1
homeroom,1
golkarsolid,1
golkar,1
bahlillah,1
adalia,1
unquote,1
fucek,1
dakocan,1
reflective,1
animate,1
hint,1
disastrous,1
stir,1
cecep,1
darmawan,1
knowledgeable,1
jeng,1
crowdfund,1
camera,1
marquee,1
fudge,1
flashback,1
hiroshima,1
nagasaki,1
emperor,1
hirohito,1
devastation,1
bane,1
utter,1
jack,1
welch,1
theft,1
civic,1
frighten,1
extortioner,1
recess,1
ustadz,1
bazzer,1
teachersalary,1
liputandotcom,1
lipdriz,1
liquidation,1
envoy,1
novoselov,1
waras,1
puyol,1
gaslighting,1
fierce,1
oblivious,1
idol,1
colonialist,1
aroma,1
robusta,1
mendoan,1
loudest,1
silk,1
rifle,1
drum,1
spear,1
chew,1
parcel,1
shave,1
beard,1
comic,1
scammed,1
preacher,1
visitor,1
transactional,1
instalk,1
childfree,1
mutualistic,1
symbiosis,1
pawn,1
mezatag,1
sugarcoat,1
gaslight,1
ppsu,1
akseyna,1
dinusian,1
headache,1
scoundrel,1
sg,1
assimilate,1
olympiad,1
befall,1
sukaresmi,1
cianjur,1
rape,1
detection,1
coc,1
ruangguru,1
anabel,1
homeless,1
wholeheartedness,1
misallocation,1
cure,1
rescue,1
showcase,1
forensic,1
telyu,1
takbir,1
nurhadi,1
psdk,1
compatible,1
videoberita,1
kemiskinan,1
hariankompas,1
kompasid,1
novelty,1
indrasari,1
tjandraningsih,1
parahyangan,1
revitalize,1
terminalmojok,1
antares,1
are,1
eimmm,1
icikiwir,1
cok,1
brainrot,1
sei,1
decoration,1
wsx,1
whalestorexoxospecial,1
gee,1
suburban,1
gnfi,1
punt,1
cny,1
cjin,1
blush,1
thud,1
sensational,1
overdue,1
fanatic,1
gform,1
lackey,1
woo,1
creature,1
embarrassingly,1
ringkasanfakta,1
omi,1
sedayu,1
tellonym,1
impolite,1
undeservedness,1
fi,1
aowkowkwk,1
rolexes,1
intellect,1
functionally,1
barbaric,1
pgsd,1
quranic,1
tafsir,1
upskill,1
kementan,1
suganda,1
hijri,1
gregorian,1
calendar,1
supratikno,1
biomedical,1
ihsan,1
discomfort,1
injury,1
dkm,1
shalihin,1
skkh,1
ante,1
slaughterhouse,1
kesmavet,1
dtijen,1
rapidly,1
hahahihi,1
sme,1
turnover,1
activeness,1
exalt,1
carbon,1
footprint,1
unaccounted,1
cpu,1
gpus,1
serang,1
siii,1
nuance,1
spectrum,1
particular,1
multitalented,1
enlist,1
hehehehhee,1
milli,1
gusyyy,1
handbook,1
trauma,1
mq,1
comforter,1
listing,1
stretch,1
pasis,1
dikreg,1
liii,1
pamtas,1
mako,1
rdtl,1
umanen,1
atambua,1
belu,1
widianto,1
opsgab,1
rear,1
teddye,1
palakgiat,1
lek,1
syaid,1
haryana,1
pabinasah,1
pabing,1
exsum,1
andar,1
dodianto,1
lieutenant,1
gafur,1
thalib,1
gate,1
pantahelix,1
plbn,1
prima,1
hardcore,1
kore,1
nominally,1
crash,1
mockery,1
disloyal,1
shallow,1
cagur,1
utmost,1
caution,1
diversity,1
dosenasn,1
semantically,1
upah,1
bayaran,1
tunjangan,1
juggle,1
username,1
vacant,1
kilo,1
sadomasochism,1
utaskompas,1
progression,1
kemdikdisaintek,1
subversive,1
aadk,1
myth,1
ekwkwkewkwkwkwkwkkwkkwkwwkkwkwkwkwkwkwkwwkkwkwkekw,1
xxx,1
fade,1
journalismdatagajidosen,1
enlighteningacrossgenerations,1
jangan,1
xspaces,1
exeter,1
mandhara,1
brasika,1
underqualified,1
deplorable,1
afaik,1
buzzerp,1
shitty,1
perceive,1
kemdikdikanstek,1
complacent,1
lousy,1
jf,1
chatur,1
jafung,1
anaxagoras,1
hypercarry,1
combo,1
habitually,1
prominent,1
underrecognized,1
inclusivity,1
cohesive,1
formalize,1
perfectionist,1
pedagogics,1
specialization,1
revert,1
successor,1
martial,1
install,1
stingiest,1
rsa,1
hffft,1
pound,1
discrepancy,1
kontwol,1
monocot,1
kolomtempo,1
megalodon,1
bet,1
yuliantoro,1
oktaviani,1
brianyuliantoro,1
porter,1
commemorate,1
participatory,1
lender,1
reimbursable,1
perfectly,1
dense,1
prilly,1
jokowishouldnotsendhome,1
jokowiover,1
adilijokowireplacevicepresident,1
sbmptn,1
guilt,1
chevening,1
kgsp,1
fulbright,1
jaka,1
sembung,1
machete,1
unaffordable,1
celebrate,1
stupidest,1
rri,1
comprador,1
evaporate,1
railway,1
difficuuult,1
flashone,1
fo,1
seo,1
hyun,1
jin,1
ballet,1
empress,1
hotelier,1
obgyn,1
flatter,1
lorem,1
ipsum,1
hehhh,1
detective,1
transmigration,1
jusuf,1
kalla,1
sandiaga,1
uno,1
didit,1
sabang,1
townhall,1
ambassador,1
kamala,1
kemenkeusepekan,1
hadehh,1
precursor,1
weeuw,1
mht,1
yanti,1
kemdiktilnastek,1
drtpm,1
flight,1
multitude,1
innocence,1
sandi,1
indecent,1
tukinbudget,1
discovery,1
methamphetamine,1
bottle,1
pelalawan,1
riau,1
revelation,1
simplest,1
font,1
semarjaya,1
ugly,1
demul,1
holy,1
tolakuupolri,1
selflessly,1
indoctrinate,1
ristek,1
kanti,1
heck,1
craft,1
nicely,1
hurry,1
vista,1
pentium,1
unresolved,1
relapse,1
billionaire,1
lease,1
aircrew,1
crew,1
livelier,1
osmosis,1
pft,1
camouflage,1
excursion,1
accessibility,1
unsatisfactory,1
deterrent,1
herring,1
diversion,1
sritex,1
yawww,1
predecessor,1
cpppk,1
postponement,1
devotedly,1
cheesy,1
flattery,1
harimurti,1
integral,1
edwin,1
adrian,1
sumantha,1
menko,1
agust,1
jovan,1
rai,1
raditya,1
kemenkoinfra,1
kemenko,1
infrastruktur,1
menkoahy,1
agusyudhoyono,1
democratjatim,1
democratwithpeople,1
eastjava,1
journalingdata,1
adadi,1
purest,1
prototype,1
nuraini,1
biomed,1
tribute,1
propaganda,1
widyantini,1
maturity,1
jenderal,1
rajadajalantoni,1
acquire,1
acquisition,1
hypocrisy,1
satay,1
mprri,1
mprnationalhouse,1
fourpillarsmprri,1
councilwoman,1
paramount,1
mentees,1
patchy,1
naivety,1
db,1
unknowledgeable,1
predikat,1
cope,1
indiscriminately,1
nuh,1
communism,1
telecommunication,1
sugih,1
mpp,1
alaska,1
sustain,1
nz,1
punch,1
contextually,1
lalalala,1
theatrical,1
eeeer,1
resentful,1
oum,1
awe,1
va,1
delegate,1
maftuhin,1
amputation,1
narrower,1
scariest,1
rkakl,1
furthest,1
practicums,1
pet,1
zuma,1
retrain,1
clich,1
propagate,1
subtle,1
ink,1
refill,1
reopen,1
text,1
san,1
mad,1
kang,1
superfluous,1
harmonious,1
maximally,1
multiplier,1
diktisaintek,1
escalate,1
rif,1
chikita,1
fawzi,1
upin,1
ipin,1
animator,1
noel,1
yassierli,1
kaburaja,1
midpoint,1
aimlessly,1
pot,1
hospitality,1
unmanaged,1
tepe,1
sloppy,1
ahra,1
ardianto,1
tukindosenasn,1
refocus,1
genetic,1
harvey,1
moeis,1
bib,1
troop,1
wipe,1
dictation,1
martyrdom,1
plumber,1
vet,1
spokesperson,1
busily,1
elbow,1
rehired,1
savekipkuliah,1
grip,1
soemantri,1
brodjonegoro,1
adik,1
respectively,1
knb,1
duke,1
virtue,1
throne,1
submissive,1
humility,1
lavishly,1
furlough,1
magician,1
oldest,1
rg,1
bpptnbh,1
mystery,1
identification,1
linda,1
sheikh,1
fiqh,1
disbelieve,1
coolest,1
rhyme,1
bash,1
shady,1
yunanto,1
sastro,1
awokawokawok,1
excrement,1
wakanda,1
coretax,1
purge,1
deddy,1
corbuzier,1
raffi,1
regress,1
dean,1
gasp,1
merger,1
satyalencana,1
brightness,1
manifest,1
wegoagain,1
overrate,1
nomadic,1
pornography,1
abidzar,1
costly,1
austerity,1
stubbornly,1
outright,1
kyushu,1
remainder,1
sword,1
in,1
out,1
trojan,1
shackle,1
darker,1
lemme,1
unpleasant,1
msib,1
kaleidoscope,1
fmipa,1
minimally,1
disgraceful,1
onenewsupdate,1
onu,1
possessive,1
shirk,1
nderrr,1
isi,1
yudiaryani,1
khoirunnisa,1
fithria,1
konde,1
lecturersarenotsapiperah,1
livereportkonde,1
diabetes,1
kemdikstisaintek,1
soemitro,1
tukinforalllecturersnotmilkmen,1
whereeee,1
pgr,1
exemplary,1
pmec,1
beler,1
ppak,1
ca,1
allaah,1
clown,1
unggulan,1
retroactively,1
semanggi,1
tragedy,1
janda,1
whoaaaa,1
luv,1
boyfriend,1
luvireply,1
selamat,1
kap,1
fossil,1
clock,1
pandora,1
brb,1
hdmi,1
cable,1
connector,1
landscape,1
cobra,1
amnesia,1
folk,1
loot,1
marta,1
praja,1
pantura,1
erosion,1
kory,1
elyana,1
kristian,1
deeply,1
subsequently,1
coastline,1
habitat,1
clam,1
shrimp,1
coast,1
megathrust,1
reliant,1
accuracy,1
obsess,1
enactment,1
nggak,1
wifi,1
legendary,1
dontbeaprofessor,1
kemendikdisaintek,1
sapper,1
asparagus,1
satisfactory,1
lecturersarenotcattleever,1
dosenbukansapiperah,1
narsum,1
sapis,1
strobe,1
nd,1
avaricious,1
abdimas,1
dppl,1
unaware,1
sap,1
ton,1
karnawati,1
geo,1
hydrometeorological,1
overlook,1
prudent,1
deni,1
septiadi,1
instrumentation,1
tangible,1
undervaluation,1
gaffar,1
cozying,1
asnaf,1
deforestation,1
painstakingly,1
teamless,1
disappearance,1
msg,1
demotivates,1
bayartukindosen,1
dosensbukansapiperah,1
hanger,1
weh,1
cuk,1
instantaneously,1
scrutinize,1
politeknik,1
lele,1
magelang,1
fifa,1
equator,1
disband,1
cultivate,1
eisenhower,1
matrix,1
incredibly,1
daunt,1
cumbersome,1
acrobatics,1
yep,1
tuberous,1
hoot,1
unionistourstrong,1
sycophantic,1
boredom,1
kornas,1
underlie,1
imaginary,1
populate,1
chapel,1
stonehearts,1
elegantly,1
rmk,1
grass,1
greener,1
disrepair,1
plp,1
misalignment,1
retain,1
strain,1
hahahahaha,1
sydney,1
manchester,1
irithel,1
arkanandb,1
malaya,1
showy,1
ariel,1
tatum,1
happier,1
diplomat,1
hmmmm,1
nightmare,1
vague,1
jhon,1
lbf,1
defamation,1
safenet,1
herlambang,1
wiratraman,1
hmmz,1
traitor,1
destroyer,1
jokowirajakorup,1
adilijokowikoruptor,1
supra,1
podcastdisko,1
clara,1
moningka,1
pembangunan,1
kbrprime,1
podcastindonesia,1
remotely,1
singaporean,1
sensei,1
refrain,1
credential,1
gws,1
powerless,1
sadistic,1
underperform,1
ets,1
ea,1
thuggery,1
kemdikbud,1
bravely,1
chip,1
universitasbandung,1
mazhuk,1
udzubillah,1
wheat,1
recipe,1
dough,1
bake,1
ygy,1
oot,1
integrator,1
anderson,1
texas,1
fkui,1
suarakademia,1
waqf,1
descent,1
upt,1
matt,1
damon,1
sals,1
wakkkkkk,1
adohhhhhhhhh,1
wkwkwkwkwk,1
fanatical,1
ibrahim,1
mastermind,1
sulsel,1
apprehend,1
syndicate,1
didik,1
supranoto,1
pediatric,1
bojonegoro,1
down,1
gyn,1
hospitalize,1
characterize,1
baton,1
yra,1
sans,1
redact,1
drift,1
hokben,1
salad,1
ikeoji,1
pok,1
maniac,1
celery,1
dengue,1
fever,1
satriawan,1
bulletin,1
abhijit,1
banerjee,1
bnpt,1
febinsight,1
febugm,1
fib,1
agile,1
holding,1
hahaah,1
yohanes,1
devi,1
bundle,1
unfun,1
herlina,1
risa,1
sst,1
keb,1
faiz,1
microteaching,1
scholarly,1
wadidaw,1
inland,1
afterwards,1
saidirman,1
pasundan,1
maman,1
budiman,1
enormous,1
rafael,1
karate,1
silat,1
shopkeeper,1
wkwkwkwkwkwk,1
unsatisfied,1
hara,1
definite,1
reposted,1
congrats,1
sso,1
scramble,1
doh,1
kyungsoo,1
threefold,1
fino,1
distress,1
sasaeng,1
wakkakkkk,1
ahhhhhhh,1
analytical,1
dota,1
orphanage,1
flashcard,1
rightly,1
moneytt,1
starter,1
feminism,1
cariberita,1
grogol,1
site,1
livelihood,1
frog,1
umbies,1
rpp,1
furtasan,1
paltry,1
hallucination,1
broooo,1
meaningless,1
exposition,1
einedame,1
simplistic,1
damri,1
heartbroken,1
shofwan,1
becuk,1
swimwear,1
peter,1
pdf,1
cap,1
mdpi,1
unfilled,1
uneducational,1
minibusses,1
shark,1
mobile,1
lull,1
estate,1
sari,1
dahlan,1
inilahcom,1
suaradaririmba,1
ppts,1
pakmen,1
refine,1
facilitator,1
kasihan,1
konawe,1
deeh,1
voc,1
receipt,1
aaaaaa,1
emas,1
meantime,1
bangkok,1
kyais,1
unblessed,1
sediment,1
reservoir,1
drought,1
illuminate,1
piety,1
irrigate,1
passenger,1
rebuild,1
motherland,1
seventy,1
yaaahhh,1
thousandfold,1
gubernatorial,1
gistiawan,1
bawaslu,1
budiyono,1
prince,1
mashallah,1
heartless,1
teachersstrike,1
unveil,1
spss,1
canva,1
chatgpt,1
grammarly,1
kahoot,1
tap,1
kkk,1
eni,1
rafatar,1
domino,1
kemdikbudristek,1
rightfully,1
pic,1
bukkkkk,1
irrational,1
pointlessly,1
logo,1
payletter,1
likelihood,1
unlawful,1
rep,1
tpq,1
intro,1
aku,1
dreamies,1
congratulate,1
dra,1
fentiny,1
alleviation,1
intent,1
fountain,1
tapera,1
yoserwan,1
ainun,1
commercialize,1
lavish,1
henuk,1
minority,1
numeration,1
ptun,1
stark,1
paramedic,1
oven,1
sps,1
km,1
stan,1
enjoyable,1
reformasi,1
hati,1
rosi,1
discover,1
boediono,1
poernomo,1
duo,1
darmin,1
nasution,1
modernize,1
compliance,1
rationalization,1
extensification,1
intensification,1
sunset,1
reinvent,1
lieu,1
npwp,1
disclosure,1
shameless,1
hermes,1
kelly,1
undemocratic,1
belittle,1
harley,1
jeep,1
hayam,1
wuruk,1
perbanas,1
publisherstory,1
fugitive,1
hostile,1
mommmm,1
ipul,1
exoplanet,1
kanjuruhan,1
repression,1
suciwati,1
rempang,1
mandalika,1
seruyan,1
kendeng,1
morowali,1
tppo,1
outbreak,1
riska,1
syakirah,1
meandra,1
luta,1
continuum,1
commuter,1
vitamin,1
pave,1
africa,1
eu,1
lump,1
lingerie,1
outer,1
